Mass,WF,PO,RF,Yield,Yield_Err,Pull,PullErr,Bg_Chi2,BgSig_Chi2,ToyBg_Chi2,PVal,epsilon2,upper_Limit,f,Toy_UL,Toy_ULN2,Toy_ULN1,Toy_ULP1,Toy_ULP2
178,12,3,100,-0.0403773,138.21,0.000792543,0.996627,0.565538,0.549908,0.565538,0.648137,1.33791e-05,239.368,0.177185,270.333,158.85,231.757,315.62,470.6
