Mass,WF,PO,RF,Yield,Yield_Err,Pull,PullErr,Bg_Chi2,BgSig_Chi2,ToyBg_Chi2,PVal,epsilon2,upper_Limit,f,Toy_UL,Toy_ULN2,Toy_ULN1,Toy_ULP1,Toy_ULP2
152,11,3,100,-4.34031,142.241,-0.0280309,0.994123,0.646614,0.624637,0.646614,0.559374,1.49735e-05,263.627,0.191331,275.211,162.217,235.6,322.217,472.1
