Mass,WF,PO,RF,Yield,Yield_Err,Pull,PullErr,Bg_Chi2,BgSig_Chi2,ToyBg_Chi2,PVal,epsilon2,upper_Limit,f,Toy_UL,Toy_ULN2,Toy_ULN1,Toy_ULP1,Toy_ULP2
148.75,11,3,100,-1.28484,135.822,-0.00604473,1.01366,0.764701,0.765405,0.764701,0.130888,2.46586e-05,387.406,0.193099,264.933,154.54,225.883,310.733,459.2
