Mass,WF,PO,RF,Yield,Yield_Err,Pull,PullErr,Bg_Chi2,BgSig_Chi2,ToyBg_Chi2,PVal,epsilon2,upper_Limit,f,Toy_UL,Toy_ULN2,Toy_ULN1,Toy_ULP1,Toy_ULP2
144.25,11,3,100,-3.69482,124.758,-0.0238634,0.999301,0.410011,0.471962,0.410011,0.977299,1.0658e-05,128.931,0.195547,241.575,143,205.683,282.663,410.9
