Mass,WF,PO,RF,Yield,Yield_Err,Pull,PullErr,Bg_Chi2,BgSig_Chi2,ToyBg_Chi2,PVal,epsilon2,upper_Limit,f,Toy_UL,Toy_ULN2,Toy_ULN1,Toy_ULP1,Toy_ULP2
214.50,12,3,100,-0.308578,57.5087,0.00245473,0.996341,0.0477887,0.0464426,0.0477887,0.134218,6.87818e-05,160.028,0.157325,112.9,65.7857,95.9462,132.023,189.9
