Mass,WF,PO,RF,Yield,Yield_Err,Pull,PullErr,Bg_Chi2,BgSig_Chi2,ToyBg_Chi2,PVal,epsilon2,upper_Limit,f,Toy_UL,Toy_ULN2,Toy_ULN1,Toy_ULP1,Toy_ULP2
126.75,9,3,100,-1.38856,23.1365,0.327274,1.7954,0.204941,0.321421,0.204941,0.0348504,0.000296654,44.3302,0.205069,41.3784,26.8765,37.208,45.6895,59.6
