Mass,WF,PO,RF,Yield,Yield_Err,Pull,PullErr,Bg_Chi2,BgSig_Chi2,ToyBg_Chi2,PVal,epsilon2,upper_Limit,f,Toy_UL,Toy_ULN2,Toy_ULN1,Toy_ULP1,Toy_ULP2
151.25,11,3,100,-1.61012,141.826,-0.00850725,1.00262,0.543377,0.5205,0.543377,0.399729,1.73973e-05,299.956,0.191739,277.357,162.92,235.35,325.55,474.05
