Mass,WF,PO,RF,Yield,Yield_Err,Pull,PullErr,Bg_Chi2,BgSig_Chi2,ToyBg_Chi2,PVal,epsilon2,upper_Limit,f,Toy_UL,Toy_ULN2,Toy_ULN1,Toy_ULP1,Toy_ULP2
206.25,12,3,100,-1.83796,80.5581,-0.018939,0.988027,0.0685879,0.0645651,0.0685879,0.260491,3.28019e-05,193.223,0.161814,156.188,92.525,133.72,182.617,268
