Mass,WF,PO,RF,Yield,Yield_Err,Pull,PullErr,Bg_Chi2,BgSig_Chi2,ToyBg_Chi2,PVal,epsilon2,upper_Limit,f,Toy_UL,Toy_ULN2,Toy_ULN1,Toy_ULP1,Toy_ULP2
164.25,11,3,100,1.34176,154.841,0.0106248,1.00656,0.669413,0.695604,0.669413,0.940158,8.95869e-06,183.982,0.184666,304.4,177.9,259.233,357.438,524.5
