Mass,WF,PO,RF,Yield,Yield_Err,Pull,PullErr,Bg_Chi2,BgSig_Chi2,ToyBg_Chi2,PVal,epsilon2,upper_Limit,f,Toy_UL,Toy_ULN2,Toy_ULN1,Toy_ULP1,Toy_ULP2
131.50,9,3,100,-4.20301,58.7149,0.0437685,1.01185,0.147308,0.137229,0.147308,0.350128,0.000102624,114.422,0.202485,107.038,65.5222,92.8273,122,169.467
