Mass,WF,PO,RF,Yield,Yield_Err,Pull,PullErr,Bg_Chi2,BgSig_Chi2,ToyBg_Chi2,PVal,epsilon2,upper_Limit,f,Toy_UL,Toy_ULN2,Toy_ULN1,Toy_ULP1,Toy_ULP2
214,12,3,100,-1.30522,59.4935,-0.0144284,0.999073,0.043515,0.0395818,0.043515,0.179681,6.22029e-05,155.187,0.157597,115.464,68.1875,98.2667,135.21,197.1
