Mass,WF,PO,RF,Yield,Yield_Err,Pull,PullErr,Bg_Chi2,BgSig_Chi2,ToyBg_Chi2,PVal,epsilon2,upper_Limit,f,Toy_UL,Toy_ULN2,Toy_ULN1,Toy_ULP1,Toy_ULP2
203.50,12,3,100,0.173717,87.0657,0.00475044,1.00218,0.0212701,0.0188461,0.0212701,0.646615,2.16948e-05,151.381,0.16331,170.733,99.44,145.925,200.322,293.9
