Mass,WF,PO,RF,Yield,Yield_Err,Pull,PullErr,Bg_Chi2,BgSig_Chi2,ToyBg_Chi2,PVal,epsilon2,upper_Limit,f,Toy_UL,Toy_ULN2,Toy_ULN1,Toy_ULP1,Toy_ULP2
197,12,3,100,-0.774158,102.187,-0.00561925,0.995556,0.105692,0.0943354,0.105692,0.262034,2.52417e-05,245.609,0.166847,200.65,117.967,170.95,233.8,341.4
