Mass,WF,PO,RF,Yield,Yield_Err,Pull,PullErr,Bg_Chi2,BgSig_Chi2,ToyBg_Chi2,PVal,epsilon2,upper_Limit,f,Toy_UL,Toy_ULN2,Toy_ULN1,Toy_ULP1,Toy_ULP2
152.50,11,3,100,-0.388012,143.934,-7.24003e-05,0.989169,0.556267,0.547293,0.556267,0.795891,1.17333e-05,210.148,0.191059,281.575,166.1,240.922,329.1,482.4
