Mass,WF,PO,RF,Yield,Yield_Err,Pull,PullErr,Bg_Chi2,BgSig_Chi2,ToyBg_Chi2,PVal,epsilon2,upper_Limit,f,Toy_UL,Toy_ULN2,Toy_ULN1,Toy_ULP1,Toy_ULP2
182.25,12,3,100,-0.872954,132.368,-0.00532748,1.00389,0.452068,0.43309,0.452068,0.417518,1.71771e-05,279.146,0.174872,259.067,151.525,221.12,305.32,441.9
