Mass,WF,PO,RF,Yield,Yield_Err,Pull,PullErr,Bg_Chi2,BgSig_Chi2,ToyBg_Chi2,PVal,epsilon2,upper_Limit,f,Toy_UL,Toy_ULN2,Toy_ULN1,Toy_ULP1,Toy_ULP2
212,12,3,100,-0.693905,66.2502,-0.00325332,1.00004,0.148283,0.135189,0.148283,0.553915,3.67715e-05,124.645,0.158686,129.214,75.75,110.46,151.307,218.7
