Mass,WF,PO,RF,Yield,Yield_Err,Pull,PullErr,Bg_Chi2,BgSig_Chi2,ToyBg_Chi2,PVal,epsilon2,upper_Limit,f,Toy_UL,Toy_ULN2,Toy_ULN1,Toy_ULP1,Toy_ULP2
182,12,3,100,0.545021,132.848,0.00529215,1.00416,0.445884,0.426399,0.445884,0.42976,1.70235e-05,278.398,0.175008,260.575,152.825,222.26,307.525,447.4
