Mass,WF,PO,RF,Yield,Yield_Err,Pull,PullErr,Bg_Chi2,BgSig_Chi2,ToyBg_Chi2,PVal,epsilon2,upper_Limit,f,Toy_UL,Toy_ULN2,Toy_ULN1,Toy_ULP1,Toy_ULP2
164.50,11,3,100,2.00747,154.825,0.0149938,0.983966,0.577379,0.599407,0.577379,0.92655,9.32244e-06,191.206,0.18453,304.55,178.55,261.2,356.95,515.6
