Mass,WF,PO,RF,Yield,Yield_Err,Pull,PullErr,Bg_Chi2,BgSig_Chi2,ToyBg_Chi2,PVal,epsilon2,upper_Limit,f,Toy_UL,Toy_ULN2,Toy_ULN1,Toy_ULP1,Toy_ULP2
134,9,3,100,-4.01035,85.2776,0.0196137,1.00496,0.0325091,0.0286099,0.0325091,0.460582,7.07149e-05,166.034,0.201124,159.127,95.75,136.99,183.76,260.45
