Mass,WF,PO,RF,Yield,Yield_Err,Pull,PullErr,Bg_Chi2,BgSig_Chi2,ToyBg_Chi2,PVal,epsilon2,upper_Limit,f,Toy_UL,Toy_ULN2,Toy_ULN1,Toy_ULP1,Toy_ULP2
191.75,12,3,100,-2.48763,113.989,-0.020148,1.00534,0.0978598,0.0893341,0.0978598,0.620689,1.66005e-05,201.084,0.169703,222.2,129.6,189.375,260.767,381.35
