Mass,WF,PO,RF,Yield,Yield_Err,Pull,PullErr,Bg_Chi2,BgSig_Chi2,ToyBg_Chi2,PVal,epsilon2,upper_Limit,f,Toy_UL,Toy_ULN2,Toy_ULN1,Toy_ULP1,Toy_ULP2
153.75,11,3,100,-0.333642,146.765,0.000346362,0.985038,0.566113,0.628747,0.566113,0.981981,8.11498e-06,150.855,0.190379,286.95,169.26,245.64,337.54,488.3
