Mass,WF,PO,RF,Yield,Yield_Err,Pull,PullErr,Bg_Chi2,BgSig_Chi2,ToyBg_Chi2,PVal,epsilon2,upper_Limit,f,Toy_UL,Toy_ULN2,Toy_ULN1,Toy_ULP1,Toy_ULP2
195.25,12,3,100,-0.672744,106.386,-0.00441124,1.00141,0.0755951,0.0683427,0.0755951,0.379416,2.16729e-05,228.258,0.167799,207.886,121.133,177.5,244.42,356.6
