Mass,WF,PO,RF,Yield,Yield_Err,Pull,PullErr,Bg_Chi2,BgSig_Chi2,ToyBg_Chi2,PVal,epsilon2,upper_Limit,f,Toy_UL,Toy_ULN2,Toy_ULN1,Toy_ULP1,Toy_ULP2
133.50,9,3,100,-5.8615,82.3791,0.00480005,1.00032,0.0358781,0.0298786,0.0358781,0.546008,7.16895e-05,148.24,0.201396,151.14,91.2333,130.45,173.953,243.6
