Mass,WF,PO,RF,Yield,Yield_Err,Pull,PullErr,Bg_Chi2,BgSig_Chi2,ToyBg_Chi2,PVal,epsilon2,upper_Limit,f,Toy_UL,Toy_ULN2,Toy_ULN1,Toy_ULP1,Toy_ULP2
150.25,11,3,100,-2.05485,139.015,-0.0119657,0.992513,0.531106,0.523581,0.531106,0.167985,2.18679e-05,364.658,0.192283,272.64,157.575,231.688,318.833,459.8
