Mass,WF,PO,RF,Yield,Yield_Err,Pull,PullErr,Bg_Chi2,BgSig_Chi2,ToyBg_Chi2,PVal,epsilon2,upper_Limit,f,Toy_UL,Toy_ULN2,Toy_ULN1,Toy_ULP1,Toy_ULP2
148.50,11,3,100,-1.66655,135.193,-0.00888434,1.00943,0.765063,0.763509,0.765063,0.145952,2.37218e-05,368.582,0.193235,263.4,154.233,225.1,309.94,451.7
