Mass,WF,PO,RF,Yield,Yield_Err,Pull,PullErr,Bg_Chi2,BgSig_Chi2,ToyBg_Chi2,PVal,epsilon2,upper_Limit,f,Toy_UL,Toy_ULN2,Toy_ULN1,Toy_ULP1,Toy_ULP2
138.25,9,3,100,-2.73502,117.769,0.00129658,1.00052,0.194351,0.179327,0.194351,0.684648,3.16872e-05,187.543,0.198812,226.533,134.2,195.067,263.4,384.05
