Mass,WF,PO,RF,Yield,Yield_Err,Pull,PullErr,Bg_Chi2,BgSig_Chi2,ToyBg_Chi2,PVal,epsilon2,upper_Limit,f,Toy_UL,Toy_ULN2,Toy_ULN1,Toy_ULP1,Toy_ULP2
169,12,3,100,-1.68142,145.323,-0.0106603,1.00355,0.535393,0.52442,0.535393,0.778204,1.09454e-05,220.534,0.182081,283.7,167.225,241.733,332.22,486.5
