Mass,WF,PO,RF,Yield,Yield_Err,Pull,PullErr,Bg_Chi2,BgSig_Chi2,ToyBg_Chi2,PVal,epsilon2,upper_Limit,f,Toy_UL,Toy_ULN2,Toy_ULN1,Toy_ULP1,Toy_ULP2
208,12,3,100,-1.11071,77.4555,-0.00931925,0.994035,0.0254307,0.0219501,0.0254307,0.353876,3.23448e-05,169.913,0.160862,150.338,89.3,129.24,175.429,260.4
