Mass,WF,PO,RF,Yield,Yield_Err,Pull,PullErr,Bg_Chi2,BgSig_Chi2,ToyBg_Chi2,PVal,epsilon2,upper_Limit,f,Toy_UL,Toy_ULN2,Toy_ULN1,Toy_ULP1,Toy_ULP2
205.50,12,3,100,-0.479671,83.304,-0.00187184,1.00848,0.108431,0.0992302,0.108431,0.611127,2.35698e-05,147.052,0.162222,162.657,95.2333,138.3,191.113,281
