Mass,WF,PO,RF,Yield,Yield_Err,Pull,PullErr,Bg_Chi2,BgSig_Chi2,ToyBg_Chi2,PVal,epsilon2,upper_Limit,f,Toy_UL,Toy_ULN2,Toy_ULN1,Toy_ULP1,Toy_ULP2
205,12,3,100,0.437389,84.4491,0.00878119,1.00321,0.0898179,0.0817476,0.0898179,0.646379,2.30643e-05,148.063,0.162494,165.489,96.9,141.31,194.457,283.46
