Mass,WF,PO,RF,Yield,Yield_Err,Pull,PullErr,Bg_Chi2,BgSig_Chi2,ToyBg_Chi2,PVal,epsilon2,upper_Limit,f,Toy_UL,Toy_ULN2,Toy_ULN1,Toy_ULP1,Toy_ULP2
186,12,3,100,-0.849975,125.176,-0.00565346,0.99626,0.0337664,0.030175,0.0337664,0.505083,1.67261e-05,245.041,0.172832,244.833,143.65,209.133,287.567,420.933
