Mass,WF,PO,RF,Yield,Yield_Err,Pull,PullErr,Bg_Chi2,BgSig_Chi2,ToyBg_Chi2,PVal,epsilon2,upper_Limit,f,Toy_UL,Toy_ULN2,Toy_ULN1,Toy_ULP1,Toy_ULP2
195.75,12,3,100,-0.360146,105.413,-0.00151372,0.994286,0.0714186,0.0640984,0.0714186,0.375142,2.22194e-05,229.25,0.167527,205.72,121.5,176.367,241.9,351.3
