Mass,WF,PO,RF,Yield,Yield_Err,Pull,PullErr,Bg_Chi2,BgSig_Chi2,ToyBg_Chi2,PVal,epsilon2,upper_Limit,f,Toy_UL,Toy_ULN2,Toy_ULN1,Toy_ULP1,Toy_ULP2
145,11,3,100,-0.552947,127.974,0.000934537,1.01561,0.465479,0.607398,0.465479,0.995452,9.01049e-06,115.557,0.195139,248.825,145.667,212.183,292.35,429.8
