Mass,WF,PO,RF,Yield,Yield_Err,Pull,PullErr,Bg_Chi2,BgSig_Chi2,ToyBg_Chi2,PVal,epsilon2,upper_Limit,f,Toy_UL,Toy_ULN2,Toy_ULN1,Toy_ULP1,Toy_ULP2
186.75,12,3,100,-3.14771,123.905,-0.0240586,0.995013,0.0412421,0.0370006,0.0412421,0.615358,1.5355e-05,220.167,0.172424,240.833,142.05,206,282.38,413.5
