Mass,WF,PO,RF,Yield,Yield_Err,Pull,PullErr,Bg_Chi2,BgSig_Chi2,ToyBg_Chi2,PVal,epsilon2,upper_Limit,f,Toy_UL,Toy_ULN2,Toy_ULN1,Toy_ULP1,Toy_ULP2
179,12,3,100,0.493358,137.207,0.00476831,1.00028,0.563324,0.546591,0.563324,0.633389,1.36377e-05,239.487,0.17664,269.6,157.175,230.8,315.4,462.4
