Mass,WF,PO,RF,Yield,Yield_Err,Pull,PullErr,Bg_Chi2,BgSig_Chi2,ToyBg_Chi2,PVal,epsilon2,upper_Limit,f,Toy_UL,Toy_ULN2,Toy_ULN1,Toy_ULP1,Toy_ULP2
157,11,3,100,0.623933,150.433,0.00628276,1.00343,0.425981,0.404214,0.425981,0.456726,1.51942e-05,298.464,0.18861,294.6,172.8,252.329,347.26,506.55
