Mass,WF,PO,RF,Yield,Yield_Err,Pull,PullErr,Bg_Chi2,BgSig_Chi2,ToyBg_Chi2,PVal,epsilon2,upper_Limit,f,Toy_UL,Toy_ULN2,Toy_ULN1,Toy_ULP1,Toy_ULP2
177.25,12,3,100,2.24237,140.179,0.0170467,0.986535,0.530361,0.516274,0.530361,0.674121,1.28758e-05,233.602,0.177593,276.22,162.75,236.42,324.071,471.7
