Mass,WF,PO,RF,Yield,Yield_Err,Pull,PullErr,Bg_Chi2,BgSig_Chi2,ToyBg_Chi2,PVal,epsilon2,upper_Limit,f,Toy_UL,Toy_ULN2,Toy_ULN1,Toy_ULP1,Toy_ULP2
189.75,12,3,100,-0.523239,118.196,-0.00306588,0.994433,0.0796988,0.0730314,0.0796988,0.676141,1.51488e-05,197.411,0.170791,231.42,135.2,197.556,272.067,395.3
