Mass,WF,PO,RF,Yield,Yield_Err,Pull,PullErr,Bg_Chi2,BgSig_Chi2,ToyBg_Chi2,PVal,epsilon2,upper_Limit,f,Toy_UL,Toy_ULN2,Toy_ULN1,Toy_ULP1,Toy_ULP2
199.25,12,3,100,0.365594,97.5409,0.00609805,1.00729,0.122727,0.120675,0.122727,0.716532,1.79628e-05,158.398,0.165623,191.467,111.7,163.286,224.75,329.3
