Mass,WF,PO,RF,Yield,Yield_Err,Pull,PullErr,Bg_Chi2,BgSig_Chi2,ToyBg_Chi2,PVal,epsilon2,upper_Limit,f,Toy_UL,Toy_ULN2,Toy_ULN1,Toy_ULP1,Toy_ULP2
193.50,12,3,100,-1.34236,109.476,-0.0105248,1.00235,0.10366,0.095702,0.10366,0.419374,2.04908e-05,231.011,0.168751,213.51,125.875,181.417,251.567,366.8
