Mass,WF,PO,RF,Yield,Yield_Err,Pull,PullErr,Bg_Chi2,BgSig_Chi2,ToyBg_Chi2,PVal,epsilon2,upper_Limit,f,Toy_UL,Toy_ULN2,Toy_ULN1,Toy_ULP1,Toy_ULP2
125.25,9,3,100,-3.25547,16.4963,-0.189179,4.88388,0.339296,0.336125,0.339296,0.304606,0.000427091,27.7087,0.205885,25.7612,11.2111,22.1759,29.5024,41.75
