Mass,WF,PO,RF,Yield,Yield_Err,Pull,PullErr,Bg_Chi2,BgSig_Chi2,ToyBg_Chi2,PVal,epsilon2,upper_Limit,f,Toy_UL,Toy_ULN2,Toy_ULN1,Toy_ULP1,Toy_ULP2
148,11,3,100,0.00751764,134.907,0.00361498,0.997063,0.834994,0.821361,0.834994,0.323,2.06191e-05,313.533,0.193507,263.433,155.975,225.188,309.58,452.167
