Mass,WF,PO,RF,Yield,Yield_Err,Pull,PullErr,Bg_Chi2,BgSig_Chi2,ToyBg_Chi2,PVal,epsilon2,upper_Limit,f,Toy_UL,Toy_ULN2,Toy_ULN1,Toy_ULP1,Toy_ULP2
137.75,9,3,100,-3.42747,113.739,-0.00305411,0.986608,0.0924706,0.116301,0.0924706,0.854959,2.8648e-05,155.484,0.199084,216.7,130.033,187.338,252.867,361.533
