Mass,WF,PO,RF,Yield,Yield_Err,Pull,PullErr,Bg_Chi2,BgSig_Chi2,ToyBg_Chi2,PVal,epsilon2,upper_Limit,f,Toy_UL,Toy_ULN2,Toy_ULN1,Toy_ULP1,Toy_ULP2
211.25,12,3,100,-0.674037,68.5665,-0.00324779,0.9942,0.0594286,0.0524577,0.0594286,0.587651,3.07972e-05,124.434,0.159094,133.7,79.4,113.893,155.863,227.575
