Mass,WF,PO,RF,Yield,Yield_Err,Pull,PullErr,Bg_Chi2,BgSig_Chi2,ToyBg_Chi2,PVal,epsilon2,upper_Limit,f,Toy_UL,Toy_ULN2,Toy_ULN1,Toy_ULP1,Toy_ULP2
137.25,9,3,100,-3.93266,108.941,-0.00650465,1.00059,0.130413,0.146401,0.130413,0.823773,3.1621e-05,155.37,0.199356,207.888,124.667,178.583,242.286,349.25
