Mass,WF,PO,RF,Yield,Yield_Err,Pull,PullErr,Bg_Chi2,BgSig_Chi2,ToyBg_Chi2,PVal,epsilon2,upper_Limit,f,Toy_UL,Toy_ULN2,Toy_ULN1,Toy_ULP1,Toy_ULP2
212.75,12,3,100,-0.286129,63.8221,0.00289263,0.999462,0.0895549,0.0814709,0.0895549,0.447599,4.41957e-05,132.645,0.158277,125.167,73.12,106.458,145.25,212.6
