Mass,WF,PO,RF,Yield,Yield_Err,Pull,PullErr,Bg_Chi2,BgSig_Chi2,ToyBg_Chi2,PVal,epsilon2,upper_Limit,f,Toy_UL,Toy_ULN2,Toy_ULN1,Toy_ULP1,Toy_ULP2
224.50,12,3,100,-1.60438,34.5554,-0.0118324,0.993403,0.0872454,0.088715,0.0872454,0.208884,0.000151562,86.0493,0.151884,65.785,39.1231,56.608,76.8909,109.58
