Mass,WF,PO,RF,Yield,Yield_Err,Pull,PullErr,Bg_Chi2,BgSig_Chi2,ToyBg_Chi2,PVal,epsilon2,upper_Limit,f,Toy_UL,Toy_ULN2,Toy_ULN1,Toy_ULP1,Toy_ULP2
164.75,11,3,100,-4.73312,155.219,-0.0284584,0.995536,0.603686,0.63305,0.603686,0.943955,8.95278e-06,183.762,0.184394,299.633,176.225,258.06,352.4,517.067
