Mass,WF,PO,RF,Yield,Yield_Err,Pull,PullErr,Bg_Chi2,BgSig_Chi2,ToyBg_Chi2,PVal,epsilon2,upper_Limit,f,Toy_UL,Toy_ULN2,Toy_ULN1,Toy_ULP1,Toy_ULP2
156.50,11,3,100,-1.95166,151.032,-0.0105331,1.00603,0.410908,0.391144,0.410908,0.684269,1.29674e-05,253.221,0.188882,295.2,172.733,250.733,346.033,504.55
