Mass,WF,PO,RF,Yield,Yield_Err,Pull,PullErr,Bg_Chi2,BgSig_Chi2,ToyBg_Chi2,PVal,epsilon2,upper_Limit,f,Toy_UL,Toy_ULN2,Toy_ULN1,Toy_ULP1,Toy_ULP2
200.25,12,3,100,-1.77187,95.0946,-0.0161067,1.00658,0.110969,0.104333,0.110969,0.662327,1.93535e-05,161.588,0.165079,185.243,107.725,157.787,217.455,319.05
