Mass,WF,PO,RF,Yield,Yield_Err,Pull,PullErr,Bg_Chi2,BgSig_Chi2,ToyBg_Chi2,PVal,epsilon2,upper_Limit,f,Toy_UL,Toy_ULN2,Toy_ULN1,Toy_ULP1,Toy_ULP2
190.75,12,3,100,-0.318024,116.288,-0.00126651,0.999824,0.0871697,0.0808192,0.0871697,0.736347,1.45804e-05,183.824,0.170247,227.483,134.275,193.857,266.5,392
