Mass,WF,PO,RF,Yield,Yield_Err,Pull,PullErr,Bg_Chi2,BgSig_Chi2,ToyBg_Chi2,PVal,epsilon2,upper_Limit,f,Toy_UL,Toy_ULN2,Toy_ULN1,Toy_ULP1,Toy_ULP2
159,11,3,100,0.150987,152.349,0.00317456,1.00982,0.599788,0.590113,0.599788,0.177864,2.0226e-05,405.639,0.187522,299.257,175.3,253.9,351.8,513.1
