Mass,WF,PO,RF,Yield,Yield_Err,Pull,PullErr,Bg_Chi2,BgSig_Chi2,ToyBg_Chi2,PVal,epsilon2,upper_Limit,f,Toy_UL,Toy_ULN2,Toy_ULN1,Toy_ULP1,Toy_ULP2
138.75,9,3,100,-2.43474,121.873,0.00344897,1.00066,0.148964,0.134506,0.148964,0.564691,3.37862e-05,217.715,0.19854,235.133,139.38,201.363,274.36,395.5
