Mass,WF,PO,RF,Yield,Yield_Err,Pull,PullErr,Bg_Chi2,BgSig_Chi2,ToyBg_Chi2,PVal,epsilon2,upper_Limit,f,Toy_UL,Toy_ULN2,Toy_ULN1,Toy_ULP1,Toy_ULP2
149,11,3,100,0.520343,136.551,0.00702343,1.0021,0.797765,0.805256,0.797765,0.100362,2.54563e-05,404.019,0.192963,266.343,157.3,228.825,313.3,458.1
