Mass,WF,PO,RF,Yield,Yield_Err,Pull,PullErr,Bg_Chi2,BgSig_Chi2,ToyBg_Chi2,PVal,epsilon2,upper_Limit,f,Toy_UL,Toy_ULN2,Toy_ULN1,Toy_ULP1,Toy_ULP2
210.50,12,3,100,-1.11562,69.9914,-0.0105534,0.99086,0.0299199,0.0267993,0.0299199,0.465553,3.25687e-05,139.883,0.159502,136.537,80.0571,116.371,158.811,230.8
