Mass,WF,PO,RF,Yield,Yield_Err,Pull,PullErr,Bg_Chi2,BgSig_Chi2,ToyBg_Chi2,PVal,epsilon2,upper_Limit,f,Toy_UL,Toy_ULN2,Toy_ULN1,Toy_ULP1,Toy_ULP2
181,12,3,100,-2.77227,134.801,-0.0193975,0.998629,0.425718,0.405553,0.425718,0.495685,1.56928e-05,263.182,0.175552,262.3,152.733,224.633,307.34,451.667
