Mass,WF,PO,RF,Yield,Yield_Err,Pull,PullErr,Bg_Chi2,BgSig_Chi2,ToyBg_Chi2,PVal,epsilon2,upper_Limit,f,Toy_UL,Toy_ULN2,Toy_ULN1,Toy_ULP1,Toy_ULP2
176.50,12,3,100,-0.799238,140.723,-0.00459956,0.989139,0.626588,0.617052,0.626588,0.740466,1.21848e-05,224.315,0.178001,275.02,162,235.1,322.7,472
