Mass,WF,PO,RF,Yield,Yield_Err,Pull,PullErr,Bg_Chi2,BgSig_Chi2,ToyBg_Chi2,PVal,epsilon2,upper_Limit,f,Toy_UL,Toy_ULN2,Toy_ULN1,Toy_ULP1,Toy_ULP2
151,11,3,100,0.861847,141.685,0.00905391,1.00507,0.405347,0.384872,0.405347,0.306923,1.85934e-05,317.989,0.191875,278.517,162.92,237.35,328.56,476.9
