Mass,WF,PO,RF,Yield,Yield_Err,Pull,PullErr,Bg_Chi2,BgSig_Chi2,ToyBg_Chi2,PVal,epsilon2,upper_Limit,f,Toy_UL,Toy_ULN2,Toy_ULN1,Toy_ULP1,Toy_ULP2
221.75,12,3,100,-0.705052,39.7303,0.00197614,0.998679,0.0370896,0.0293654,0.0370896,0.867295,6.33773e-05,54.5218,0.153381,76.9579,45.7833,65.819,89.8778,130.4
