Mass,WF,PO,RF,Yield,Yield_Err,Pull,PullErr,Bg_Chi2,BgSig_Chi2,ToyBg_Chi2,PVal,epsilon2,upper_Limit,f,Toy_UL,Toy_ULN2,Toy_ULN1,Toy_ULP1,Toy_ULP2
223.25,12,3,100,-1.23253,37.3251,-0.00439208,1.00579,0.0767561,0.0631461,0.0767561,0.711102,8.91057e-05,61.7203,0.152565,71.8,42.26,61.35,83.1786,120.5
