Mass,WF,PO,RF,Yield,Yield_Err,Pull,PullErr,Bg_Chi2,BgSig_Chi2,ToyBg_Chi2,PVal,epsilon2,upper_Limit,f,Toy_UL,Toy_ULN2,Toy_ULN1,Toy_ULP1,Toy_ULP2
216,12,3,100,-0.963685,53.6388,-0.00854339,0.991055,0.0231433,0.0206201,0.0231433,0.190903,7.22514e-05,137.819,0.156509,103.992,62,89.42,121.364,177.95
