Mass,WF,PO,RF,Yield,Yield_Err,Pull,PullErr,Bg_Chi2,BgSig_Chi2,ToyBg_Chi2,PVal,epsilon2,upper_Limit,f,Toy_UL,Toy_ULN2,Toy_ULN1,Toy_ULP1,Toy_ULP2
188.75,12,3,100,-3.02267,119.979,-0.023895,1.00724,0.0706437,0.0640447,0.0706437,0.607676,1.60694e-05,216.005,0.171336,233.767,136.35,198.943,273.189,402
