Mass,WF,PO,RF,Yield,Yield_Err,Pull,PullErr,Bg_Chi2,BgSig_Chi2,ToyBg_Chi2,PVal,epsilon2,upper_Limit,f,Toy_UL,Toy_ULN2,Toy_ULN1,Toy_ULP1,Toy_ULP2
150.75,11,3,100,-0.37404,140.548,0.000174832,0.99737,0.449045,0.429517,0.449045,0.28185,1.9885e-05,337.377,0.192011,275.467,161.467,235.38,321.9,470.8
