Mass,WF,PO,RF,Yield,Yield_Err,Pull,PullErr,Bg_Chi2,BgSig_Chi2,ToyBg_Chi2,PVal,epsilon2,upper_Limit,f,Toy_UL,Toy_ULN2,Toy_ULN1,Toy_ULP1,Toy_ULP2
129.25,9,3,100,-1.47828,34.1939,0.113615,1.06059,0.140824,0.137378,0.140824,0.613644,0.000122207,56.7467,0.203709,61.8895,37.4308,53.79,71.5783,120
