Mass,WF,PO,RF,Yield,Yield_Err,Pull,PullErr,Bg_Chi2,BgSig_Chi2,ToyBg_Chi2,PVal,epsilon2,upper_Limit,f,Toy_UL,Toy_ULN2,Toy_ULN1,Toy_ULP1,Toy_ULP2
155.50,11,3,100,-0.791853,150.204,-0.00272912,1.00661,0.579364,0.593027,0.579364,0.936379,9.22123e-06,177.717,0.189426,292.85,171,250.033,343.75,507.6
