Mass,WF,PO,RF,Yield,Yield_Err,Pull,PullErr,Bg_Chi2,BgSig_Chi2,ToyBg_Chi2,PVal,epsilon2,upper_Limit,f,Toy_UL,Toy_ULN2,Toy_ULN1,Toy_ULP1,Toy_ULP2
161.50,11,3,100,-1.11791,153.807,-0.00518176,1.00336,0.598858,0.578763,0.598858,0.295181,1.80416e-05,366.126,0.186162,299.283,175.675,256.28,353.7,519.8
