Mass,WF,PO,RF,Yield,Yield_Err,Pull,PullErr,Bg_Chi2,BgSig_Chi2,ToyBg_Chi2,PVal,epsilon2,upper_Limit,f,Toy_UL,Toy_ULN2,Toy_ULN1,Toy_ULP1,Toy_ULP2
176.75,12,3,100,-0.476165,140.13,-0.00227716,1.0023,0.532297,0.516581,0.532297,0.653574,1.32049e-05,241.509,0.177865,275.12,159,234.8,323.64,464.725
