Mass,WF,PO,RF,Yield,Yield_Err,Pull,PullErr,Bg_Chi2,BgSig_Chi2,ToyBg_Chi2,PVal,epsilon2,upper_Limit,f,Toy_UL,Toy_ULN2,Toy_ULN1,Toy_ULP1,Toy_ULP2
174,12,3,100,2.73151,142.816,0.0202298,1.00283,0.576499,0.566451,0.576499,0.246584,1.85779e-05,354.238,0.179361,281.86,163.65,240.067,331.367,483.85
