Mass,WF,PO,RF,Yield,Yield_Err,Pull,PullErr,Bg_Chi2,BgSig_Chi2,ToyBg_Chi2,PVal,epsilon2,upper_Limit,f,Toy_UL,Toy_ULN2,Toy_ULN1,Toy_ULP1,Toy_ULP2
143,9,3,100,2.53683,140.44,0.030469,1.01125,0.361128,0.338327,0.361128,0.661123,2.18839e-05,237.307,0.196228,275.433,160.186,235.167,322.62,468.9
