Mass,WF,PO,RF,Yield,Yield_Err,Pull,PullErr,Bg_Chi2,BgSig_Chi2,ToyBg_Chi2,PVal,epsilon2,upper_Limit,f,Toy_UL,Toy_ULN2,Toy_ULN1,Toy_ULP1,Toy_ULP2
217,12,3,100,-1.35276,51.3322,-0.0164934,1.01698,0.023078,0.0202714,0.023078,0.40212,6.47386e-05,108.316,0.155965,99.84,57.4857,84.6273,116.711,169.45
