Mass,WF,PO,RF,Yield,Yield_Err,Pull,PullErr,Bg_Chi2,BgSig_Chi2,ToyBg_Chi2,PVal,epsilon2,upper_Limit,f,Toy_UL,Toy_ULN2,Toy_ULN1,Toy_ULP1,Toy_ULP2
182.75,12,3,100,0.857975,131.77,0.00771537,0.996845,0.451679,0.432538,0.451679,0.435561,1.70141e-05,273.188,0.1746,259.275,150.875,220.983,304.7,444.7
