Mass,WF,PO,RF,Yield,Yield_Err,Pull,PullErr,Bg_Chi2,BgSig_Chi2,ToyBg_Chi2,PVal,epsilon2,upper_Limit,f,Toy_UL,Toy_ULN2,Toy_ULN1,Toy_ULP1,Toy_ULP2
191,12,3,100,-2.87008,115.909,-0.0233114,1.00834,0.08899,0.0820618,0.08899,0.715222,1.49957e-05,187.256,0.170111,224.86,131.767,192.329,264.24,391.4
