Mass,WF,PO,RF,Yield,Yield_Err,Pull,PullErr,Bg_Chi2,BgSig_Chi2,ToyBg_Chi2,PVal,epsilon2,upper_Limit,f,Toy_UL,Toy_ULN2,Toy_ULN1,Toy_ULP1,Toy_ULP2
218.50,12,3,100,-0.597684,48.0264,0.00158228,1.00232,0.0226868,0.0222012,0.0226868,0.870233,4.77884e-05,65.8784,0.155149,92.7188,55.3111,79.7462,108.644,159.85
