Mass,WF,PO,RF,Yield,Yield_Err,Pull,PullErr,Bg_Chi2,BgSig_Chi2,ToyBg_Chi2,PVal,epsilon2,upper_Limit,f,Toy_UL,Toy_ULN2,Toy_ULN1,Toy_ULP1,Toy_ULP2
146.75,11,3,100,0.253622,132.796,0.00610773,0.986225,0.766449,0.78422,0.766449,0.89128,1.22299e-05,174.911,0.194187,260.433,152.8,222.925,304.45,443.167
