Mass,WF,PO,RF,Yield,Yield_Err,Pull,PullErr,Bg_Chi2,BgSig_Chi2,ToyBg_Chi2,PVal,epsilon2,upper_Limit,f,Toy_UL,Toy_ULN2,Toy_ULN1,Toy_ULP1,Toy_ULP2
135.50,9,3,100,-2.93024,97.0624,0.0153816,1.00369,0.0205454,0.0219101,0.0205454,0.799416,4.15928e-05,141.66,0.200308,183.51,109.25,158.817,213.625,304.667
