Mass,WF,PO,RF,Yield,Yield_Err,Pull,PullErr,Bg_Chi2,BgSig_Chi2,ToyBg_Chi2,PVal,epsilon2,upper_Limit,f,Toy_UL,Toy_ULN2,Toy_ULN1,Toy_ULP1,Toy_ULP2
178.50,12,3,100,-1.12628,137.548,-0.00711113,1.00615,0.539858,0.522402,0.539858,0.615601,1.36917e-05,242.637,0.176912,269.25,157.5,228.417,316.575,463.1
