Mass,WF,PO,RF,Yield,Yield_Err,Pull,PullErr,Bg_Chi2,BgSig_Chi2,ToyBg_Chi2,PVal,epsilon2,upper_Limit,f,Toy_UL,Toy_ULN2,Toy_ULN1,Toy_ULP1,Toy_ULP2
193.75,12,3,100,-0.181762,108.53,-6.27402e-05,0.998425,0.12567,0.118646,0.12567,0.322938,2.22734e-05,248.102,0.168615,212.138,125.225,181.733,249.467,364.7
