Mass,WF,PO,RF,Yield,Yield_Err,Pull,PullErr,Bg_Chi2,BgSig_Chi2,ToyBg_Chi2,PVal,epsilon2,upper_Limit,f,Toy_UL,Toy_ULN2,Toy_ULN1,Toy_ULP1,Toy_ULP2
215.75,12,3,100,-1.81698,54.2443,-0.0246815,0.985919,0.0219373,0.0203424,0.0219373,0.136161,7.62468e-05,149.892,0.156645,105,62.19,89.9615,122.327,178.5
