Mass,WF,PO,RF,Yield,Yield_Err,Pull,PullErr,Bg_Chi2,BgSig_Chi2,ToyBg_Chi2,PVal,epsilon2,upper_Limit,f,Toy_UL,Toy_ULN2,Toy_ULN1,Toy_ULP1,Toy_ULP2
136.25,9,3,100,-4.01131,101.535,-0.0022223,0.99923,0.0187113,0.0230807,0.0187113,0.796563,3.7466e-05,149.769,0.1999,192.2,115.1,165.45,224.243,320.867
