Mass,WF,PO,RF,Yield,Yield_Err,Pull,PullErr,Bg_Chi2,BgSig_Chi2,ToyBg_Chi2,PVal,epsilon2,upper_Limit,f,Toy_UL,Toy_ULN2,Toy_ULN1,Toy_ULP1,Toy_ULP2
209,12,3,100,-0.692024,74.5147,-0.00389325,0.996946,0.0182126,0.0160274,0.0182126,0.404252,3.25102e-05,158.205,0.160318,145.317,85.6143,124.183,170.28,248.55
