Mass,WF,PO,RF,Yield,Yield_Err,Pull,PullErr,Bg_Chi2,BgSig_Chi2,ToyBg_Chi2,PVal,epsilon2,upper_Limit,f,Toy_UL,Toy_ULN2,Toy_ULN1,Toy_ULP1,Toy_ULP2
192.50,12,3,100,-0.264338,111.974,-0.000753344,0.99799,0.0844748,0.076839,0.0844748,0.51934,1.85396e-05,217.685,0.169295,219.267,128.1,187.486,256.325,375.9
