Mass,WF,PO,RF,Yield,Yield_Err,Pull,PullErr,Bg_Chi2,BgSig_Chi2,ToyBg_Chi2,PVal,epsilon2,upper_Limit,f,Toy_UL,Toy_ULN2,Toy_ULN1,Toy_ULP1,Toy_ULP2
215.50,12,3,100,-1.50317,55.4324,-0.0186293,0.998996,0.0263747,0.0240307,0.0263747,0.166302,7.11588e-05,145.193,0.156781,107.038,63.3778,91.6556,125.717,182.65
