Mass,WF,PO,RF,Yield,Yield_Err,Pull,PullErr,Bg_Chi2,BgSig_Chi2,ToyBg_Chi2,PVal,epsilon2,upper_Limit,f,Toy_UL,Toy_ULN2,Toy_ULN1,Toy_ULP1,Toy_ULP2
199.50,12,3,100,-1.15752,96.5376,-0.0095667,1.01143,0.119388,0.113949,0.119388,0.660776,1.90188e-05,165.187,0.165487,188.829,109.833,160.863,221.125,324.933
