Mass,WF,PO,RF,Yield,Yield_Err,Pull,PullErr,Bg_Chi2,BgSig_Chi2,ToyBg_Chi2,PVal,epsilon2,upper_Limit,f,Toy_UL,Toy_ULN2,Toy_ULN1,Toy_ULP1,Toy_ULP2
160.50,11,3,100,0.959957,152.32,0.00842239,1.01505,0.567732,0.569527,0.567732,0.0970387,2.28011e-05,459.633,0.186706,298.8,174.18,254.95,351.667,515.55
