Mass,WF,PO,RF,Yield,Yield_Err,Pull,PullErr,Bg_Chi2,BgSig_Chi2,ToyBg_Chi2,PVal,epsilon2,upper_Limit,f,Toy_UL,Toy_ULN2,Toy_ULN1,Toy_ULP1,Toy_ULP2
180.75,12,3,100,-1.39766,134.712,-0.00910298,0.994769,0.481419,0.460852,0.481419,0.514807,1.54255e-05,260.301,0.175688,263.283,156.2,223.75,307.2,452.6
