Mass,WF,PO,RF,Yield,Yield_Err,Pull,PullErr,Bg_Chi2,BgSig_Chi2,ToyBg_Chi2,PVal,epsilon2,upper_Limit,f,Toy_UL,Toy_ULN2,Toy_ULN1,Toy_ULP1,Toy_ULP2
200,12,3,100,-0.774729,96.1975,-0.0053861,1.0113,0.162746,0.158475,0.162746,0.744745,1.77644e-05,150.752,0.165215,188.04,110.2,159.812,220.429,324.2
