Mass,WF,PO,RF,Yield,Yield_Err,Pull,PullErr,Bg_Chi2,BgSig_Chi2,ToyBg_Chi2,PVal,epsilon2,upper_Limit,f,Toy_UL,Toy_ULN2,Toy_ULN1,Toy_ULP1,Toy_ULP2
154.25,11,3,100,-0.964105,147.69,-0.00394313,1.00431,0.589275,0.631622,0.589275,0.971876,8.49349e-06,159.429,0.190107,289.7,169.1,247.078,338.6,494.3
