Mass,WF,PO,RF,Yield,Yield_Err,Pull,PullErr,Bg_Chi2,BgSig_Chi2,ToyBg_Chi2,PVal,epsilon2,upper_Limit,f,Toy_UL,Toy_ULN2,Toy_ULN1,Toy_ULP1,Toy_ULP2
205.75,12,3,100,-0.514159,82.8769,-0.00225755,1.0014,0.105075,0.0959255,0.105075,0.536921,2.51115e-05,154.091,0.162086,162.4,95.0143,138.52,190.417,277.833
