Mass,WF,PO,RF,Yield,Yield_Err,Pull,PullErr,Bg_Chi2,BgSig_Chi2,ToyBg_Chi2,PVal,epsilon2,upper_Limit,f,Toy_UL,Toy_ULN2,Toy_ULN1,Toy_ULP1,Toy_ULP2
185.50,12,3,100,-0.103357,126.539,0.000500668,0.993078,0.0331742,0.0296389,0.0331742,0.49162,1.68983e-05,251.382,0.173104,246.967,147.1,210.867,290.533,426.4
