Mass,WF,PO,RF,Yield,Yield_Err,Pull,PullErr,Bg_Chi2,BgSig_Chi2,ToyBg_Chi2,PVal,epsilon2,upper_Limit,f,Toy_UL,Toy_ULN2,Toy_ULN1,Toy_ULP1,Toy_ULP2
164,11,3,100,-3.29728,154.54,-0.0192659,0.993917,0.634337,0.654091,0.634337,0.919022,9.43751e-06,193.678,0.184802,301.733,176.267,258.3,352.233,512
