Mass,WF,PO,RF,Yield,Yield_Err,Pull,PullErr,Bg_Chi2,BgSig_Chi2,ToyBg_Chi2,PVal,epsilon2,upper_Limit,f,Toy_UL,Toy_ULN2,Toy_ULN1,Toy_ULP1,Toy_ULP2
197.75,12,3,100,-1.54883,100.452,-0.0134645,0.996096,0.141755,0.127117,0.141755,0.33538,2.40579e-05,226.353,0.166439,196.12,115.1,167.9,228.8,336.033
