Mass,WF,PO,RF,Yield,Yield_Err,Pull,PullErr,Bg_Chi2,BgSig_Chi2,ToyBg_Chi2,PVal,epsilon2,upper_Limit,f,Toy_UL,Toy_ULN2,Toy_ULN1,Toy_ULP1,Toy_ULP2
179.75,12,3,100,-2.53885,136.357,-0.017526,0.988061,0.518881,0.501206,0.518881,0.618599,1.39217e-05,240.71,0.176232,265.075,156.8,226.043,310.3,453.2
