Mass,WF,PO,RF,Yield,Yield_Err,Pull,PullErr,Bg_Chi2,BgSig_Chi2,ToyBg_Chi2,PVal,epsilon2,upper_Limit,f,Toy_UL,Toy_ULN2,Toy_ULN1,Toy_ULP1,Toy_ULP2
155,11,3,100,1.40296,148.072,0.0118235,0.988378,0.663645,0.684404,0.663645,0.953807,8.99663e-06,171.524,0.189699,290.72,171.1,248.26,340.8,497.55
