Mass,WF,PO,RF,Yield,Yield_Err,Pull,PullErr,Bg_Chi2,BgSig_Chi2,ToyBg_Chi2,PVal,epsilon2,upper_Limit,f,Toy_UL,Toy_ULN2,Toy_ULN1,Toy_ULP1,Toy_ULP2
134.75,9,3,100,-2.44325,89.2367,0.0246611,0.996745,0.0272458,0.0232845,0.0272458,0.502207,6.01809e-05,170.426,0.200716,169.38,101.275,145.557,195.512,275.2
