Mass,WF,PO,RF,Yield,Yield_Err,Pull,PullErr,Bg_Chi2,BgSig_Chi2,ToyBg_Chi2,PVal,epsilon2,upper_Limit,f,Toy_UL,Toy_ULN2,Toy_ULN1,Toy_ULP1,Toy_ULP2
205.25,12,3,100,-0.429839,84.0645,-0.00122823,1.00555,0.0981389,0.0904174,0.0981389,0.680757,2.22912e-05,141.365,0.162358,163.789,96.95,140.15,192.4,284.6
