Mass,WF,PO,RF,Yield,Yield_Err,Pull,PullErr,Bg_Chi2,BgSig_Chi2,ToyBg_Chi2,PVal,epsilon2,upper_Limit,f,Toy_UL,Toy_ULN2,Toy_ULN1,Toy_ULP1,Toy_ULP2
213.25,12,3,100,-0.480864,61.9833,-0.000365118,1.0153,0.0900062,0.0832534,0.0900062,0.274905,5.29677e-05,147.016,0.158005,121.083,70.5833,103.13,142.311,207.6
