Mass,WF,PO,RF,Yield,Yield_Err,Pull,PullErr,Bg_Chi2,BgSig_Chi2,ToyBg_Chi2,PVal,epsilon2,upper_Limit,f,Toy_UL,Toy_ULN2,Toy_ULN1,Toy_ULP1,Toy_ULP2
188.50,12,3,100,0.602943,120.725,0.0063559,0.994687,0.0604784,0.0546107,0.0604784,0.588102,1.60959e-05,218.034,0.171472,236.967,139.5,202.85,277.529,406.067
