Mass,WF,PO,RF,Yield,Yield_Err,Pull,PullErr,Bg_Chi2,BgSig_Chi2,ToyBg_Chi2,PVal,epsilon2,upper_Limit,f,Toy_UL,Toy_ULN2,Toy_ULN1,Toy_ULP1,Toy_ULP2
126.25,9,3,100,-0.748069,17.5389,0.342355,1.88467,0.239429,0.274529,0.239429,0.131593,0.000370219,39.1474,0.205341,33.8883,21.4,30.175,37.6604,48.725
