Mass,WF,PO,RF,Yield,Yield_Err,Pull,PullErr,Bg_Chi2,BgSig_Chi2,ToyBg_Chi2,PVal,epsilon2,upper_Limit,f,Toy_UL,Toy_ULN2,Toy_ULN1,Toy_ULP1,Toy_ULP2
178.75,12,3,100,2.39571,137.489,0.0184501,0.997803,0.558319,0.541482,0.558319,0.630247,1.36956e-05,241.614,0.176776,270.8,158.5,230.983,318.971,463.55
