Mass,WF,PO,RF,Yield,Yield_Err,Pull,PullErr,Bg_Chi2,BgSig_Chi2,ToyBg_Chi2,PVal,epsilon2,upper_Limit,f,Toy_UL,Toy_ULN2,Toy_ULN1,Toy_ULP1,Toy_ULP2
126,9,3,100,-1.35308,17.518,0.269694,2.61974,0.212842,0.24111,0.212842,0.15086,0.00040772,38.4902,0.205477,31.4333,18.65,27.7255,35.1902,46.19
