Mass,WF,PO,RF,Yield,Yield_Err,Pull,PullErr,Bg_Chi2,BgSig_Chi2,ToyBg_Chi2,PVal,epsilon2,upper_Limit,f,Toy_UL,Toy_ULN2,Toy_ULN1,Toy_ULP1,Toy_ULP2
171,12,3,100,0.152033,144.609,0.00203715,1.0054,0.454693,0.445324,0.454693,0.234409,1.82652e-05,360.122,0.180993,283.74,165.92,242.057,332.375,493.267
