Mass,WF,PO,RF,Yield,Yield_Err,Pull,PullErr,Bg_Chi2,BgSig_Chi2,ToyBg_Chi2,PVal,epsilon2,upper_Limit,f,Toy_UL,Toy_ULN2,Toy_ULN1,Toy_ULP1,Toy_ULP2
210,12,3,100,-0.1172,71.2442,0.00388064,0.997769,0.0186426,0.0167071,0.0186426,0.410612,3.37364e-05,150.93,0.159774,139.44,82.2,119.336,162.75,237.1
