Mass,WF,PO,RF,Yield,Yield_Err,Pull,PullErr,Bg_Chi2,BgSig_Chi2,ToyBg_Chi2,PVal,epsilon2,upper_Limit,f,Toy_UL,Toy_ULN2,Toy_ULN1,Toy_ULP1,Toy_ULP2
176,12,3,100,0.236441,140.649,0.00270978,0.994726,0.675802,0.657428,0.675802,0.569236,1.41659e-05,262.146,0.178273,275.533,163.1,233.725,324.28,475.1
