Mass,WF,PO,RF,Yield,Yield_Err,Pull,PullErr,Bg_Chi2,BgSig_Chi2,ToyBg_Chi2,PVal,epsilon2,upper_Limit,f,Toy_UL,Toy_ULN2,Toy_ULN1,Toy_ULP1,Toy_ULP2
223.50,12,3,100,-1.49271,36.5451,-0.0106269,1.01262,0.0736446,0.0639733,0.0736446,0.586234,0.000101354,67.3619,0.152429,69.9167,41.0714,59.6889,81.95,117.58
