Mass,WF,PO,RF,Yield,Yield_Err,Pull,PullErr,Bg_Chi2,BgSig_Chi2,ToyBg_Chi2,PVal,epsilon2,upper_Limit,f,Toy_UL,Toy_ULN2,Toy_ULN1,Toy_ULP1,Toy_ULP2
134.50,9,3,100,-3.81606,89.0661,0.0138415,1.00299,0.0320915,0.0269261,0.0320915,0.573869,6.14738e-05,164.265,0.200852,166.992,100.225,143.45,192.171,274.6
