Mass,WF,PO,RF,Yield,Yield_Err,Pull,PullErr,Bg_Chi2,BgSig_Chi2,ToyBg_Chi2,PVal,epsilon2,upper_Limit,f,Toy_UL,Toy_ULN2,Toy_ULN1,Toy_ULP1,Toy_ULP2
206.50,12,3,100,-0.733044,80.323,-0.00514845,1.00325,0.0590588,0.0549376,0.0590588,0.270237,3.22537e-05,187.185,0.161678,156.95,91.9,133.943,184.117,268
