Mass,WF,PO,RF,Yield,Yield_Err,Pull,PullErr,Bg_Chi2,BgSig_Chi2,ToyBg_Chi2,PVal,epsilon2,upper_Limit,f,Toy_UL,Toy_ULN2,Toy_ULN1,Toy_ULP1,Toy_ULP2
153.25,11,3,100,-1.07663,147.525,-0.00437742,1.00126,0.593696,0.642021,0.593696,0.971183,8.70868e-06,159.797,0.190651,285.92,169.7,245.029,336.975,498.4
