Mass,WF,PO,RF,Yield,Yield_Err,Pull,PullErr,Bg_Chi2,BgSig_Chi2,ToyBg_Chi2,PVal,epsilon2,upper_Limit,f,Toy_UL,Toy_ULN2,Toy_ULN1,Toy_ULP1,Toy_ULP2
180,12,3,100,-0.381938,135.779,-0.00167918,1.0012,0.480609,0.460606,0.480609,0.543316,1.48434e-05,254.87,0.176096,265.04,156.05,226.629,312.2,455.775
