Mass,WF,PO,RF,Yield,Yield_Err,Pull,PullErr,Bg_Chi2,BgSig_Chi2,ToyBg_Chi2,PVal,epsilon2,upper_Limit,f,Toy_UL,Toy_ULN2,Toy_ULN1,Toy_ULP1,Toy_ULP2
184.75,12,3,100,0.865264,127.523,0.0080003,0.998866,0.0395814,0.035481,0.0395814,0.491179,1.65196e-05,251.447,0.173512,250.086,146.267,213.9,293.225,429.367
