Mass,WF,PO,RF,Yield,Yield_Err,Pull,PullErr,Bg_Chi2,BgSig_Chi2,ToyBg_Chi2,PVal,epsilon2,upper_Limit,f,Toy_UL,Toy_ULN2,Toy_ULN1,Toy_ULP1,Toy_ULP2
157.25,11,3,100,-2.20911,150.732,-0.0124177,1.00325,0.415638,0.3962,0.415638,0.372073,1.68742e-05,332.168,0.188474,292.7,171.433,250.683,343.26,507.05
