Mass,WF,PO,RF,Yield,Yield_Err,Pull,PullErr,Bg_Chi2,BgSig_Chi2,ToyBg_Chi2,PVal,epsilon2,upper_Limit,f,Toy_UL,Toy_ULN2,Toy_ULN1,Toy_ULP1,Toy_ULP2
128.75,9,3,100,0.0118827,32.1203,0.178171,1.20436,0.147578,0.175552,0.147578,0.816505,0.000121561,46.6402,0.203981,62.3267,34.3167,51.428,79.9222,115.625
