Mass,WF,PO,RF,Yield,Yield_Err,Pull,PullErr,Bg_Chi2,BgSig_Chi2,ToyBg_Chi2,PVal,epsilon2,upper_Limit,f,Toy_UL,Toy_ULN2,Toy_ULN1,Toy_ULP1,Toy_ULP2
223.75,12,3,100,-1.8916,36.0654,-0.0229571,1.00415,0.072537,0.0677924,0.072537,0.429022,0.000116236,74.0165,0.152293,68.5524,40.46,58.6045,79.85,115.013
