Mass,WF,PO,RF,Yield,Yield_Err,Pull,PullErr,Bg_Chi2,BgSig_Chi2,ToyBg_Chi2,PVal,epsilon2,upper_Limit,f,Toy_UL,Toy_ULN2,Toy_ULN1,Toy_ULP1,Toy_ULP2
140,9,3,100,-4.1195,127.317,-0.0142221,0.991488,0.216087,0.228319,0.216087,0.0787937,5.02199e-05,388.008,0.19786,244.025,144.633,209.533,285.2,413.1
