Mass,WF,PO,RF,Yield,Yield_Err,Pull,PullErr,Bg_Chi2,BgSig_Chi2,ToyBg_Chi2,PVal,epsilon2,upper_Limit,f,Toy_UL,Toy_ULN2,Toy_ULN1,Toy_ULP1,Toy_ULP2
219,12,3,100,-0.97164,47.2776,-0.00575672,0.999852,0.0187852,0.019878,0.0187852,0.943368,4.28874e-05,55.5169,0.154877,91.6579,54.1857,78.1625,107.177,155.833
