Mass,WF,PO,RF,Yield,Yield_Err,Pull,PullErr,Bg_Chi2,BgSig_Chi2,ToyBg_Chi2,PVal,epsilon2,upper_Limit,f,Toy_UL,Toy_ULN2,Toy_ULN1,Toy_ULP1,Toy_ULP2
190,12,3,100,-0.871713,117.795,-0.0058566,0.99738,0.0801729,0.0744813,0.0801729,0.736839,1.43514e-05,185.782,0.170655,230.157,135.633,196.788,268.967,393.9
