Mass,WF,PO,RF,Yield,Yield_Err,Pull,PullErr,Bg_Chi2,BgSig_Chi2,ToyBg_Chi2,PVal,epsilon2,upper_Limit,f,Toy_UL,Toy_ULN2,Toy_ULN1,Toy_ULP1,Toy_ULP2
183.25,12,3,100,-1.48478,130.086,-0.0103149,1.00099,0.394187,0.384067,0.394187,0.285792,1.93232e-05,305.265,0.174328,253.96,148.633,217.178,297.433,436.333
