Mass,WF,PO,RF,Yield,Yield_Err,Pull,PullErr,Bg_Chi2,BgSig_Chi2,ToyBg_Chi2,PVal,epsilon2,upper_Limit,f,Toy_UL,Toy_ULN2,Toy_ULN1,Toy_ULP1,Toy_ULP2
215.25,12,3,100,-0.234669,55.7967,0.00467837,0.999853,0.0318515,0.030294,0.0318515,0.148492,7.20029e-05,151.756,0.156917,109.264,63.6889,93.45,127.229,186.6
