Mass,WF,PO,RF,Yield,Yield_Err,Pull,PullErr,Bg_Chi2,BgSig_Chi2,ToyBg_Chi2,PVal,epsilon2,upper_Limit,f,Toy_UL,Toy_ULN2,Toy_ULN1,Toy_ULP1,Toy_ULP2
224.75,12,3,100,-1.32344,34.2534,-0.00162591,1.00238,0.0862457,0.0880788,0.0862457,0.179005,0.000167691,91.4784,0.151748,65.313,38.9455,55.981,75.5571,108.533
