Mass,WF,PO,RF,Yield,Yield_Err,Pull,PullErr,Bg_Chi2,BgSig_Chi2,ToyBg_Chi2,PVal,epsilon2,upper_Limit,f,Toy_UL,Toy_ULN2,Toy_ULN1,Toy_ULP1,Toy_ULP2
190.50,12,3,100,1.82107,116.934,0.0170436,0.995002,0.0760846,0.0708525,0.0760846,0.749854,1.4332e-05,182.391,0.170383,231.222,135.2,196.671,270.66,395.167
