Mass,WF,PO,RF,Yield,Yield_Err,Pull,PullErr,Bg_Chi2,BgSig_Chi2,ToyBg_Chi2,PVal,epsilon2,upper_Limit,f,Toy_UL,Toy_ULN2,Toy_ULN1,Toy_ULP1,Toy_ULP2
177.50,12,3,100,-1.03985,139.556,-0.00634532,1.01914,0.558211,0.544394,0.558211,0.679607,1.30047e-05,234.901,0.177457,272.88,158.2,232.586,320.975,470.8
