Mass,WF,PO,RF,Yield,Yield_Err,Pull,PullErr,Bg_Chi2,BgSig_Chi2,ToyBg_Chi2,PVal,epsilon2,upper_Limit,f,Toy_UL,Toy_ULN2,Toy_ULN1,Toy_ULP1,Toy_ULP2
180.50,12,3,100,0.512887,135.101,0.00490129,1.00614,0.485815,0.465195,0.485815,0.506911,1.55543e-05,263.912,0.175824,265.825,154.833,226.183,312.767,456.3
