Mass,WF,PO,RF,Yield,Yield_Err,Pull,PullErr,Bg_Chi2,BgSig_Chi2,ToyBg_Chi2,PVal,epsilon2,upper_Limit,f,Toy_UL,Toy_ULN2,Toy_ULN1,Toy_ULP1,Toy_ULP2
139,9,3,100,-3.95906,121.001,-0.0123954,0.99126,0.140984,0.128387,0.140984,0.34036,3.82765e-05,255.84,0.198404,232.92,138.175,199.933,270.5,393.567
