Mass,WF,PO,RF,Yield,Yield_Err,Pull,PullErr,Bg_Chi2,BgSig_Chi2,ToyBg_Chi2,PVal,epsilon2,upper_Limit,f,Toy_UL,Toy_ULN2,Toy_ULN1,Toy_ULP1,Toy_ULP2
187.50,12,3,100,0.663896,122.344,0.00673403,0.994711,0.0629028,0.0567764,0.0629028,0.607568,1.5783e-05,220.856,0.172016,241.35,141,205.517,281.64,410.9
