Mass,WF,PO,RF,Yield,Yield_Err,Pull,PullErr,Bg_Chi2,BgSig_Chi2,ToyBg_Chi2,PVal,epsilon2,upper_Limit,f,Toy_UL,Toy_ULN2,Toy_ULN1,Toy_ULP1,Toy_ULP2
214.25,12,3,100,-1.29417,58.4189,-0.014054,1.01139,0.0363791,0.0338504,0.0363791,0.150054,6.67107e-05,160.567,0.157461,113.3,66.4571,96.6857,132.275,195
