Mass,WF,PO,RF,Yield,Yield_Err,Pull,PullErr,Bg_Chi2,BgSig_Chi2,ToyBg_Chi2,PVal,epsilon2,upper_Limit,f,Toy_UL,Toy_ULN2,Toy_ULN1,Toy_ULP1,Toy_ULP2
160,11,3,100,0.861958,151.797,0.00761151,0.998798,0.546727,0.550697,0.546727,0.0889747,2.32085e-05,466.831,0.186978,297.15,175,254.6,350.375,513.3
