Mass,WF,PO,RF,Yield,Yield_Err,Pull,PullErr,Bg_Chi2,BgSig_Chi2,ToyBg_Chi2,PVal,epsilon2,upper_Limit,f,Toy_UL,Toy_ULN2,Toy_ULN1,Toy_ULP1,Toy_ULP2
192.75,12,3,100,-2.38431,111.009,-0.0198337,1.01678,0.0674559,0.061778,0.0674559,0.419892,2.01901e-05,234.22,0.169159,216.3,125,183.455,255.1,371.1
