Mass,WF,PO,RF,Yield,Yield_Err,Pull,PullErr,Bg_Chi2,BgSig_Chi2,ToyBg_Chi2,PVal,epsilon2,upper_Limit,f,Toy_UL,Toy_ULN2,Toy_ULN1,Toy_ULP1,Toy_ULP2
139.25,9,3,100,-3.08928,121.601,-0.00442429,0.999002,0.152126,0.144785,0.152126,0.221701,4.34871e-05,301.293,0.198268,234.1,138.5,200.8,271.64,393.55
