Mass,WF,PO,RF,Yield,Yield_Err,Pull,PullErr,Bg_Chi2,BgSig_Chi2,ToyBg_Chi2,PVal,epsilon2,upper_Limit,f,Toy_UL,Toy_ULN2,Toy_ULN1,Toy_ULP1,Toy_ULP2
176.25,12,3,100,-0.43626,140.963,-0.00208117,0.997693,0.681533,0.674972,0.681533,0.77373,1.16933e-05,216.408,0.178137,275.8,162.2,235.6,323.675,473.85
