Mass,WF,PO,RF,Yield,Yield_Err,Pull,PullErr,Bg_Chi2,BgSig_Chi2,ToyBg_Chi2,PVal,epsilon2,upper_Limit,f,Toy_UL,Toy_ULN2,Toy_ULN1,Toy_ULP1,Toy_ULP2
135.25,9,3,100,-4.64017,95.5354,-0.00203219,0.997249,0.0219131,0.0213686,0.0219131,0.759536,4.69124e-05,150.525,0.200444,180.34,107.8,154.027,208,296.8
