Mass,WF,PO,RF,Yield,Yield_Err,Pull,PullErr,Bg_Chi2,BgSig_Chi2,ToyBg_Chi2,PVal,epsilon2,upper_Limit,f,Toy_UL,Toy_ULN2,Toy_ULN1,Toy_ULP1,Toy_ULP2
149.75,11,3,100,-1.23004,138.828,-0.00562768,1.00189,0.518738,0.522839,0.518738,0.106451,2.47932e-05,405.52,0.192555,270.05,158.9,231.133,318.033,463.4
