Mass,WF,PO,RF,Yield,Yield_Err,Pull,PullErr,Bg_Chi2,BgSig_Chi2,ToyBg_Chi2,PVal,epsilon2,upper_Limit,f,Toy_UL,Toy_ULN2,Toy_ULN1,Toy_ULP1,Toy_ULP2
221.50,12,3,100,-1.02442,40.3439,-0.00547653,0.99813,0.0281758,0.0227273,0.0281758,0.906751,5.68904e-05,51.024,0.153517,77.76,46.4556,66.7316,90.81,131.633
