Mass,WF,PO,RF,Yield,Yield_Err,Pull,PullErr,Bg_Chi2,BgSig_Chi2,ToyBg_Chi2,PVal,epsilon2,upper_Limit,f,Toy_UL,Toy_ULN2,Toy_ULN1,Toy_ULP1,Toy_ULP2
146.25,11,3,100,0.525945,130.916,0.00828344,1.00212,0.646406,0.696734,0.646406,0.945671,1.10547e-05,153.4,0.194459,257.367,149.733,218.82,301.275,438.2
