Mass,WF,PO,RF,Yield,Yield_Err,Pull,PullErr,Bg_Chi2,BgSig_Chi2,ToyBg_Chi2,PVal,epsilon2,upper_Limit,f,Toy_UL,Toy_ULN2,Toy_ULN1,Toy_ULP1,Toy_ULP2
193,12,3,100,-0.466313,110.377,-0.00269795,1.0004,0.0712616,0.0653297,0.0712616,0.415502,2.01941e-05,232.025,0.169023,216.12,126.567,184.333,253.086,370.85
