Mass,WF,PO,RF,Yield,Yield_Err,Pull,PullErr,Bg_Chi2,BgSig_Chi2,ToyBg_Chi2,PVal,epsilon2,upper_Limit,f,Toy_UL,Toy_ULN2,Toy_ULN1,Toy_ULP1,Toy_ULP2
214.75,12,3,100,-0.618303,56.9846,-0.00234927,1.01029,0.0441163,0.0437492,0.0441163,0.127778,7.09751e-05,159.668,0.157189,111.15,64.45,95.1,130.171,190.5
