Mass,WF,PO,RF,Yield,Yield_Err,Pull,PullErr,Bg_Chi2,BgSig_Chi2,ToyBg_Chi2,PVal,epsilon2,upper_Limit,f,Toy_UL,Toy_ULN2,Toy_ULN1,Toy_ULP1,Toy_ULP2
128,9,3,100,1.01108,27.8228,0.288125,1.46079,0.151014,0.149339,0.151014,0.742084,0.000262586,72.0559,0.204389,64.024,31.0667,55.2444,71.485,90.8875
