Mass,WF,PO,RF,Yield,Yield_Err,Pull,PullErr,Bg_Chi2,BgSig_Chi2,ToyBg_Chi2,PVal,epsilon2,upper_Limit,f,Toy_UL,Toy_ULN2,Toy_ULN1,Toy_ULP1,Toy_ULP2
177,12,3,100,0.0577468,139.778,0.00155745,1.00353,0.482375,0.465833,0.482375,0.630453,1.3466e-05,245.095,0.177729,272.6,160.433,233.383,321.56,472.167
