Mass,WF,PO,RF,Yield,Yield_Err,Pull,PullErr,Bg_Chi2,BgSig_Chi2,ToyBg_Chi2,PVal,epsilon2,upper_Limit,f,Toy_UL,Toy_ULN2,Toy_ULN1,Toy_ULP1,Toy_ULP2
169.50,12,3,100,-0.730992,144.881,-0.00415918,1.0143,0.483611,0.46275,0.483611,0.55124,1.36192e-05,272.365,0.181809,283.933,164.2,241.133,334.214,489.3
