Mass,WF,PO,RF,Yield,Yield_Err,Pull,PullErr,Bg_Chi2,BgSig_Chi2,ToyBg_Chi2,PVal,epsilon2,upper_Limit,f,Toy_UL,Toy_ULN2,Toy_ULN1,Toy_ULP1,Toy_ULP2
175.50,12,3,100,-2.74392,141.152,-0.0184286,0.995687,0.675955,0.657718,0.675955,0.579732,1.39625e-05,260.826,0.178545,274.7,161.76,235.033,322.675,472
