Mass,WF,PO,RF,Yield,Yield_Err,Pull,PullErr,Bg_Chi2,BgSig_Chi2,ToyBg_Chi2,PVal,epsilon2,upper_Limit,f,Toy_UL,Toy_ULN2,Toy_ULN1,Toy_ULP1,Toy_ULP2
135.75,9,3,100,-3.64851,98.6788,0.00647995,1.00599,0.01646,0.0190464,0.01646,0.804555,4.06341e-05,146.048,0.200172,187.31,112.45,160.486,217.1,311.15
