Mass,WF,PO,RF,Yield,Yield_Err,Pull,PullErr,Bg_Chi2,BgSig_Chi2,ToyBg_Chi2,PVal,epsilon2,upper_Limit,f,Toy_UL,Toy_ULN2,Toy_ULN1,Toy_ULP1,Toy_ULP2
219.50,12,3,100,-0.883662,46.5746,-0.00174706,1.00667,0.0271505,0.0316372,0.0271505,0.975643,3.97657e-05,48.3053,0.154605,90.34,53.1444,76.8826,105.414,155.25
