Mass,WF,PO,RF,Yield,Yield_Err,Pull,PullErr,Bg_Chi2,BgSig_Chi2,ToyBg_Chi2,PVal,epsilon2,upper_Limit,f,Toy_UL,Toy_ULN2,Toy_ULN1,Toy_ULP1,Toy_ULP2
153,11,3,100,-1.21915,145.974,-0.00565338,0.995616,0.660144,0.690464,0.660144,0.952919,9.25427e-06,168.601,0.190787,285.071,168.4,244.2,334.8,488.5
