Mass,WF,PO,RF,Yield,Yield_Err,Pull,PullErr,Bg_Chi2,BgSig_Chi2,ToyBg_Chi2,PVal,epsilon2,upper_Limit,f,Toy_UL,Toy_ULN2,Toy_ULN1,Toy_ULP1,Toy_ULP2
149.25,11,3,100,1.65715,137.029,0.0152389,0.992782,0.680884,0.708554,0.680884,0.052,2.81036e-05,449.439,0.192827,269.025,157.367,229.975,316.7,459.1
