Mass,WF,PO,RF,Yield,Yield_Err,Pull,PullErr,Bg_Chi2,BgSig_Chi2,ToyBg_Chi2,PVal,epsilon2,upper_Limit,f,Toy_UL,Toy_ULN2,Toy_ULN1,Toy_ULP1,Toy_ULP2
154.50,11,3,100,-0.822711,148.386,-0.00289382,0.999909,0.576299,0.61787,0.576299,0.971859,8.47172e-06,159.958,0.189971,290.9,170.7,246.46,340.15,496.4
