Mass,WF,PO,RF,Yield,Yield_Err,Pull,PullErr,Bg_Chi2,BgSig_Chi2,ToyBg_Chi2,PVal,epsilon2,upper_Limit,f,Toy_UL,Toy_ULN2,Toy_ULN1,Toy_ULP1,Toy_ULP2
188,12,3,100,-0.803029,121.566,-0.00533172,0.999717,0.0768486,0.0698902,0.0768486,0.648432,1.53372e-05,211.418,0.171744,237.667,138.94,202.74,279.167,407.6
