Mass,WF,PO,RF,Yield,Yield_Err,Pull,PullErr,Bg_Chi2,BgSig_Chi2,ToyBg_Chi2,PVal,epsilon2,upper_Limit,f,Toy_UL,Toy_ULN2,Toy_ULN1,Toy_ULP1,Toy_ULP2
211,12,3,100,-2.07674,68.5617,-0.0241701,1.007,0.0620002,0.0550522,0.0620002,0.572012,3.06459e-05,126.479,0.15923,132.621,77.75,113.436,155.77,227.5
