Mass,WF,PO,RF,Yield,Yield_Err,Pull,PullErr,Bg_Chi2,BgSig_Chi2,ToyBg_Chi2,PVal,epsilon2,upper_Limit,f,Toy_UL,Toy_ULN2,Toy_ULN1,Toy_ULP1,Toy_ULP2
163.50,11,3,100,0.593443,154.915,0.00589102,0.998624,0.617478,0.612064,0.617478,0.797939,1.13339e-05,231.764,0.185074,303.05,177.367,260.35,357.9,522.6
