Mass,WF,PO,RF,Yield,Yield_Err,Pull,PullErr,Bg_Chi2,BgSig_Chi2,ToyBg_Chi2,PVal,epsilon2,upper_Limit,f,Toy_UL,Toy_ULN2,Toy_ULN1,Toy_ULP1,Toy_ULP2
191.25,12,3,100,0.0371512,115.413,0.00185367,1.00728,0.0941451,0.0877379,0.0941451,0.75601,1.45055e-05,179.706,0.169975,225.817,131.067,193.329,265.7,389.2
