Mass,WF,PO,RF,Yield,Yield_Err,Pull,PullErr,Bg_Chi2,BgSig_Chi2,ToyBg_Chi2,PVal,epsilon2,upper_Limit,f,Toy_UL,Toy_ULN2,Toy_ULN1,Toy_ULP1,Toy_ULP2
158.50,11,3,100,-2.517,151.476,-0.0143519,0.987212,0.617491,0.612222,0.617491,0.167166,2.03323e-05,405.608,0.187794,295.467,174.567,253.14,344.4,504.4
