Mass,WF,PO,RF,Yield,Yield_Err,Pull,PullErr,Bg_Chi2,BgSig_Chi2,ToyBg_Chi2,PVal,epsilon2,upper_Limit,f,Toy_UL,Toy_ULN2,Toy_ULN1,Toy_ULP1,Toy_ULP2
183.75,12,3,100,-1.53932,129.106,-0.0107421,1.00506,0.128613,0.118909,0.128613,0.399608,1.75807e-05,274.797,0.174056,251.3,146.7,215.625,295.725,432.9
