Mass,WF,PO,RF,Yield,Yield_Err,Pull,PullErr,Bg_Chi2,BgSig_Chi2,ToyBg_Chi2,PVal,epsilon2,upper_Limit,f,Toy_UL,Toy_ULN2,Toy_ULN1,Toy_ULP1,Toy_ULP2
186.50,12,3,100,-1.51221,124.349,-0.0110677,1.00836,0.0430918,0.0386243,0.0430918,0.552932,1.6121e-05,232.703,0.17256,242.98,140.26,207.025,283.933,420.367
