Mass,WF,PO,RF,Yield,Yield_Err,Pull,PullErr,Bg_Chi2,BgSig_Chi2,ToyBg_Chi2,PVal,epsilon2,upper_Limit,f,Toy_UL,Toy_ULN2,Toy_ULN1,Toy_ULP1,Toy_ULP2
175,12,3,100,2.18641,142.012,0.0164526,0.991987,0.802254,0.787907,0.802254,0.610456,1.32175e-05,249.536,0.178817,279.267,164.25,240.533,328.071,477.75
