Mass,WF,PO,RF,Yield,Yield_Err,Pull,PullErr,Bg_Chi2,BgSig_Chi2,ToyBg_Chi2,PVal,epsilon2,upper_Limit,f,Toy_UL,Toy_ULN2,Toy_ULN1,Toy_ULP1,Toy_ULP2
207.50,12,3,100,-0.276696,77.9032,0.000955574,0.998077,0.0249762,0.0219369,0.0249762,0.290643,3.34351e-05,181.598,0.161134,152.275,89.25,130.16,178.229,259.85
