Mass,WF,PO,RF,Yield,Yield_Err,Pull,PullErr,Bg_Chi2,BgSig_Chi2,ToyBg_Chi2,PVal,epsilon2,upper_Limit,f,Toy_UL,Toy_ULN2,Toy_ULN1,Toy_ULP1,Toy_ULP2
224,12,3,100,-1.51548,35.4751,-0.0108364,1.00433,0.0721156,0.0684268,0.0721156,0.393495,0.000127377,78.0915,0.152157,67.5267,40.1111,57.7706,78.7958,113.2
