Mass,WF,PO,RF,Yield,Yield_Err,Pull,PullErr,Bg_Chi2,BgSig_Chi2,ToyBg_Chi2,PVal,epsilon2,upper_Limit,f,Toy_UL,Toy_ULN2,Toy_ULN1,Toy_ULP1,Toy_ULP2
129.50,9,3,100,-1.27103,36.978,0.127499,1.04931,0.158163,0.152253,0.158163,0.593074,0.000118733,61.3374,0.203573,66.125,40.28,57.5478,75.5294,114.9
