Mass,WF,PO,RF,Yield,Yield_Err,Pull,PullErr,Bg_Chi2,BgSig_Chi2,ToyBg_Chi2,PVal,epsilon2,upper_Limit,f,Toy_UL,Toy_ULN2,Toy_ULN1,Toy_ULP1,Toy_ULP2
158,11,3,100,-1.05171,151.493,-0.00474923,0.998937,0.532215,0.538928,0.532215,0.119445,2.21341e-05,437.983,0.188066,295.98,173.45,253.767,347.1,506.7
