Mass,WF,PO,RF,Yield,Yield_Err,Pull,PullErr,Bg_Chi2,BgSig_Chi2,ToyBg_Chi2,PVal,epsilon2,upper_Limit,f,Toy_UL,Toy_ULN2,Toy_ULN1,Toy_ULP1,Toy_ULP2
194.25,12,3,100,0.759196,108.632,0.00894104,1.01028,0.0893765,0.0816706,0.0893765,0.429786,2.05591e-05,225.363,0.168343,212.8,124.95,181.825,250.2,370
