Mass,WF,PO,RF,Yield,Yield_Err,Pull,PullErr,Bg_Chi2,BgSig_Chi2,ToyBg_Chi2,PVal,epsilon2,upper_Limit,f,Toy_UL,Toy_ULN2,Toy_ULN1,Toy_ULP1,Toy_ULP2
130.75,9,3,100,-4.18472,53.6905,0.0785575,1.03065,0.108711,0.102284,0.108711,0.641018,9.35501e-05,81.135,0.202893,95.8,59.2667,84.07,108.972,149.65
