Mass,WF,PO,RF,Yield,Yield_Err,Pull,PullErr,Bg_Chi2,BgSig_Chi2,ToyBg_Chi2,PVal,epsilon2,upper_Limit,f,Toy_UL,Toy_ULN2,Toy_ULN1,Toy_ULP1,Toy_ULP2
140.50,9,3,100,-2.67175,131.257,-0.00280883,1.00265,0.164008,0.186896,0.164008,0.0403616,5.10688e-05,421.853,0.197588,255.091,151.05,218.2,297.05,432.7
