Mass,WF,PO,RF,Yield,Yield_Err,Pull,PullErr,Bg_Chi2,BgSig_Chi2,ToyBg_Chi2,PVal,epsilon2,upper_Limit,f,Toy_UL,Toy_ULN2,Toy_ULN1,Toy_ULP1,Toy_ULP2
213,12,3,100,-1.34269,62.7343,-0.014033,0.993685,0.127894,0.118731,0.127894,0.371974,4.76485e-05,137.53,0.158141,121.75,72.4667,104.014,142.26,208.2
