Mass,WF,PO,RF,Yield,Yield_Err,Pull,PullErr,Bg_Chi2,BgSig_Chi2,ToyBg_Chi2,PVal,epsilon2,upper_Limit,f,Toy_UL,Toy_ULN2,Toy_ULN1,Toy_ULP1,Toy_ULP2
222,12,3,100,-1.03537,39.1379,-0.00490942,0.991071,0.0494886,0.0387974,0.0494886,0.84912,6.55431e-05,54.409,0.153245,75.6824,44.6167,64.8,87.92,126.167
