Mass,WF,PO,RF,Yield,Yield_Err,Pull,PullErr,Bg_Chi2,BgSig_Chi2,ToyBg_Chi2,PVal,epsilon2,upper_Limit,f,Toy_UL,Toy_ULN2,Toy_ULN1,Toy_ULP1,Toy_ULP2
200.50,12,3,100,0.0965917,94.5394,0.00378698,1.01407,0.104499,0.0992117,0.104499,0.724714,1.84278e-05,152.148,0.164943,185.66,107.825,157.786,218,320.1
