Mass,WF,PO,RF,Yield,Yield_Err,Pull,PullErr,Bg_Chi2,BgSig_Chi2,ToyBg_Chi2,PVal,epsilon2,upper_Limit,f,Toy_UL,Toy_ULN2,Toy_ULN1,Toy_ULP1,Toy_ULP2
168.50,12,3,100,-1.09035,145.994,-0.00654134,1.00034,0.548734,0.534568,0.548734,0.743464,1.14674e-05,231.325,0.182353,285.667,165.4,243.433,335.05,488.5
