Mass,WF,PO,RF,Yield,Yield_Err,Pull,PullErr,Bg_Chi2,BgSig_Chi2,ToyBg_Chi2,PVal,epsilon2,upper_Limit,f,Toy_UL,Toy_ULN2,Toy_ULN1,Toy_ULP1,Toy_ULP2
144,11,3,100,-1.3146,123.89,-0.00478278,0.998491,0.407861,0.450537,0.407861,0.965493,1.17285e-05,138.983,0.195683,241.489,141.7,206.46,282.5,414.15
