Mass,WF,PO,RF,Yield,Yield_Err,Pull,PullErr,Bg_Chi2,BgSig_Chi2,ToyBg_Chi2,PVal,epsilon2,upper_Limit,f,Toy_UL,Toy_ULN2,Toy_ULN1,Toy_ULP1,Toy_ULP2
153.50,11,3,100,-1.11779,146.153,-0.00516825,0.988471,0.604715,0.66626,0.604715,0.981549,8.11462e-06,150.017,0.190515,285.567,168.05,245.3,333.96,483.6
