Mass,WF,PO,RF,Yield,Yield_Err,Pull,PullErr,Bg_Chi2,BgSig_Chi2,ToyBg_Chi2,PVal,epsilon2,upper_Limit,f,Toy_UL,Toy_ULN2,Toy_ULN1,Toy_ULP1,Toy_ULP2
127.50,9,3,100,1.46843,23.3034,0.325069,1.4749,0.291479,0.260642,0.291479,0.404412,0.00027639,56.9293,0.204661,51.7784,27.76,45.9897,57.66,74
