Mass,WF,PO,RF,Yield,Yield_Err,Pull,PullErr,Bg_Chi2,BgSig_Chi2,ToyBg_Chi2,PVal,epsilon2,upper_Limit,f,Toy_UL,Toy_ULN2,Toy_ULN1,Toy_ULP1,Toy_ULP2
147.50,11,3,100,-0.496521,133.611,-3.51613e-05,0.993523,0.766767,0.749044,0.766767,0.55173,1.69077e-05,251.147,0.193779,261.067,153.65,223.517,305.625,445.2
