Mass,WF,PO,RF,Yield,Yield_Err,Pull,PullErr,Bg_Chi2,BgSig_Chi2,ToyBg_Chi2,PVal,epsilon2,upper_Limit,f,Toy_UL,Toy_ULN2,Toy_ULN1,Toy_ULP1,Toy_ULP2
161,11,3,100,-1.34914,153.427,-0.00666064,0.997677,0.656945,0.640105,0.656945,0.242448,1.85952e-05,376.976,0.186434,300.856,175.4,256.787,350.3,514.8
