Mass,WF,PO,RF,Yield,Yield_Err,Pull,PullErr,Bg_Chi2,BgSig_Chi2,ToyBg_Chi2,PVal,epsilon2,upper_Limit,f,Toy_UL,Toy_ULN2,Toy_ULN1,Toy_ULP1,Toy_ULP2
162.50,11,3,100,-1.76688,153.362,-0.00948256,0.997058,0.655267,0.63423,0.655267,0.419611,1.5842e-05,322.018,0.185618,298.786,174.9,256.033,349.967,512.5
