Mass,WF,PO,RF,Yield,Yield_Err,Pull,PullErr,Bg_Chi2,BgSig_Chi2,ToyBg_Chi2,PVal,epsilon2,upper_Limit,f,Toy_UL,Toy_ULN2,Toy_ULN1,Toy_ULP1,Toy_ULP2
199,12,3,100,0.693064,97.9164,0.0091861,1.0003,0.122522,0.120043,0.122522,0.699879,1.82563e-05,162.936,0.165759,192.733,112,163.4,225.95,328.2
