Mass,WF,PO,RF,Yield,Yield_Err,Pull,PullErr,Bg_Chi2,BgSig_Chi2,ToyBg_Chi2,PVal,epsilon2,upper_Limit,f,Toy_UL,Toy_ULN2,Toy_ULN1,Toy_ULP1,Toy_ULP2
220,12,3,100,-0.948271,44.5531,-0.00370558,1.00485,0.0209153,0.023214,0.0209153,0.967225,4.33101e-05,48.6784,0.154333,86.0438,50.6556,73.7591,100.986,146.6
