Mass,WF,PO,RF,Yield,Yield_Err,Pull,PullErr,Bg_Chi2,BgSig_Chi2,ToyBg_Chi2,PVal,epsilon2,upper_Limit,f,Toy_UL,Toy_ULN2,Toy_ULN1,Toy_ULP1,Toy_ULP2
145.50,11,3,100,-0.629458,128.963,-0.000174548,0.982112,0.527372,0.679496,0.527372,0.995492,8.75378e-06,116.326,0.194867,251.7,149.2,216.62,293.9,426.5
