Mass,WF,PO,RF,Yield,Yield_Err,Pull,PullErr,Bg_Chi2,BgSig_Chi2,ToyBg_Chi2,PVal,epsilon2,upper_Limit,f,Toy_UL,Toy_ULN2,Toy_ULN1,Toy_ULP1,Toy_ULP2
182.50,12,3,100,-0.173005,132.51,4.49878e-05,1.00546,0.454307,0.435501,0.454307,0.415933,1.72884e-05,279.19,0.174736,259.683,151.05,221.329,304.7,447.967
