Mass,WF,PO,RF,Yield,Yield_Err,Pull,PullErr,Bg_Chi2,BgSig_Chi2,ToyBg_Chi2,PVal,epsilon2,upper_Limit,f,Toy_UL,Toy_ULN2,Toy_ULN1,Toy_ULP1,Toy_ULP2
211.75,12,3,100,-1.28715,67.2568,-0.0125252,0.999084,0.115401,0.104225,0.115401,0.591827,3.418e-05,121.606,0.158822,130.912,76.7,111.783,152.864,225.4
