Mass,WF,PO,RF,Yield,Yield_Err,Pull,PullErr,Bg_Chi2,BgSig_Chi2,ToyBg_Chi2,PVal,epsilon2,upper_Limit,f,Toy_UL,Toy_ULN2,Toy_ULN1,Toy_ULP1,Toy_ULP2
187,12,3,100,0.304574,123.82,0.00385873,1.00097,0.0407129,0.0365279,0.0407129,0.630329,1.53555e-05,218.462,0.172288,243.617,142.2,208.475,284.914,419.6
