Mass,WF,PO,RF,Yield,Yield_Err,Pull,PullErr,Bg_Chi2,BgSig_Chi2,ToyBg_Chi2,PVal,epsilon2,upper_Limit,f,Toy_UL,Toy_ULN2,Toy_ULN1,Toy_ULP1,Toy_ULP2
201.50,12,3,100,-1.24295,92.5816,-0.0107306,1.00102,0.0518748,0.0497859,0.0518748,0.820458,1.69273e-05,132.985,0.164398,181.8,105.5,154,211.9,310.1
