Mass,WF,PO,RF,Yield,Yield_Err,Pull,PullErr,Bg_Chi2,BgSig_Chi2,ToyBg_Chi2,PVal,epsilon2,upper_Limit,f,Toy_UL,Toy_ULN2,Toy_ULN1,Toy_ULP1,Toy_ULP2
170.50,12,3,100,-0.596247,144.312,-0.0031437,1.00082,0.446501,0.439992,0.446501,0.211038,1.84591e-05,364.755,0.181265,283.52,165.5,242.35,330.325,487.3
