Mass,WF,PO,RF,Yield,Yield_Err,Pull,PullErr,Bg_Chi2,BgSig_Chi2,ToyBg_Chi2,PVal,epsilon2,upper_Limit,f,Toy_UL,Toy_ULN2,Toy_ULN1,Toy_ULP1,Toy_ULP2
221,12,3,100,-0.990548,41.3508,-0.00593045,1.00182,0.0210521,0.0188008,0.0210521,0.906356,5.48064e-05,52.6025,0.153789,79.9737,47.3667,68.175,92.9769,136.575
