Mass,WF,PO,RF,Yield,Yield_Err,Pull,PullErr,Bg_Chi2,BgSig_Chi2,ToyBg_Chi2,PVal,epsilon2,upper_Limit,f,Toy_UL,Toy_ULN2,Toy_ULN1,Toy_ULP1,Toy_ULP2
195.50,12,3,100,-1.04441,106.067,-0.00793576,1.00998,0.0760765,0.0686761,0.0760765,0.380481,2.19993e-05,229.322,0.167663,206.971,120.733,176.38,243.5,356.65
