Mass,WF,PO,RF,Yield,Yield_Err,Pull,PullErr,Bg_Chi2,BgSig_Chi2,ToyBg_Chi2,PVal,epsilon2,upper_Limit,f,Toy_UL,Toy_ULN2,Toy_ULN1,Toy_ULP1,Toy_ULP2
160.25,11,3,100,0.176631,152.044,0.00328756,0.987502,0.567787,0.572726,0.567787,0.0871383,2.28544e-05,460.24,0.186842,298.257,176.033,254.2,349.233,508.85
