Mass,WF,PO,RF,Yield,Yield_Err,Pull,PullErr,Bg_Chi2,BgSig_Chi2,ToyBg_Chi2,PVal,epsilon2,upper_Limit,f,Toy_UL,Toy_ULN2,Toy_ULN1,Toy_ULP1,Toy_ULP2
141.25,9,3,100,-1.75829,133.262,0.00253316,1.00297,0.222299,0.240382,0.222299,0.063124,4.55361e-05,412.381,0.19718,256.867,151.314,220.7,299.96,439.3
