Mass,WF,PO,RF,Yield,Yield_Err,Pull,PullErr,Bg_Chi2,BgSig_Chi2,ToyBg_Chi2,PVal,epsilon2,upper_Limit,f,Toy_UL,Toy_ULN2,Toy_ULN1,Toy_ULP1,Toy_ULP2
133.25,9,3,100,-4.50965,77.6022,0.0207591,1.00799,0.0436346,0.0464404,0.0436346,0.295409,8.91451e-05,170.354,0.201532,143.356,86.2333,124.215,165.7,230.7
