Mass,WF,PO,RF,Yield,Yield_Err,Pull,PullErr,Bg_Chi2,BgSig_Chi2,ToyBg_Chi2,PVal,epsilon2,upper_Limit,f,Toy_UL,Toy_ULN2,Toy_ULN1,Toy_ULP1,Toy_ULP2
154.75,11,3,100,-0.202653,149.628,0.001268,1.00795,0.626804,0.651252,0.626804,0.956891,8.80987e-06,167.086,0.189835,293.033,169.2,249.88,344.2,502.2
