Mass,WF,PO,RF,Yield,Yield_Err,Pull,PullErr,Bg_Chi2,BgSig_Chi2,ToyBg_Chi2,PVal,epsilon2,upper_Limit,f,Toy_UL,Toy_ULN2,Toy_ULN1,Toy_ULP1,Toy_ULP2
130.25,9,3,100,-3.13751,47.4999,0.0950104,1.01748,0.126157,0.129757,0.126157,0.678862,9.84535e-05,70.3496,0.203165,83.881,51.6,73.1333,95.2182,129.8
