Mass,WF,PO,RF,Yield,Yield_Err,Pull,PullErr,Bg_Chi2,BgSig_Chi2,ToyBg_Chi2,PVal,epsilon2,upper_Limit,f,Toy_UL,Toy_ULN2,Toy_ULN1,Toy_ULP1,Toy_ULP2
141,9,3,100,-3.08785,132.615,-0.00719447,1.0039,0.248637,0.264271,0.248637,0.0757002,4.56571e-05,402.308,0.197316,257.067,150.22,219.3,299.833,433.6
