Mass,WF,PO,RF,Yield,Yield_Err,Pull,PullErr,Bg_Chi2,BgSig_Chi2,ToyBg_Chi2,PVal,epsilon2,upper_Limit,f,Toy_UL,Toy_ULN2,Toy_ULN1,Toy_ULP1,Toy_ULP2
149.50,11,3,100,-0.71973,137.913,-0.00198067,0.99601,0.708935,0.724592,0.708935,0.0786274,2.61581e-05,423.259,0.192691,269.275,157.9,230.4,313.9,463.8
