Mass,WF,PO,RF,Yield,Yield_Err,Pull,PullErr,Bg_Chi2,BgSig_Chi2,ToyBg_Chi2,PVal,epsilon2,upper_Limit,f,Toy_UL,Toy_ULN2,Toy_ULN1,Toy_ULP1,Toy_ULP2
165,12,3,100,-1.6388,146.014,-0.0103155,1.00448,0.68603,0.701705,0.68603,0.917256,8.92816e-06,183.017,0.184258,285.467,166.55,242.412,333.667,489.7
