Mass,WF,PO,RF,Yield,Yield_Err,Pull,PullErr,Bg_Chi2,BgSig_Chi2,ToyBg_Chi2,PVal,epsilon2,upper_Limit,f,Toy_UL,Toy_ULN2,Toy_ULN1,Toy_ULP1,Toy_ULP2
151.75,11,3,100,1.01424,141.818,0.00991125,0.992956,0.565355,0.542969,0.565355,0.561102,1.46552e-05,256.709,0.191467,277.767,163.183,238.2,327.25,473.3
