Mass,WF,PO,RF,Yield,Yield_Err,Pull,PullErr,Bg_Chi2,BgSig_Chi2,ToyBg_Chi2,PVal,epsilon2,upper_Limit,f,Toy_UL,Toy_ULN2,Toy_ULN1,Toy_ULP1,Toy_ULP2
194.50,12,3,100,-0.390256,108.221,-0.00178495,1.00206,0.0845762,0.0769862,0.0845762,0.489023,1.94806e-05,211.898,0.168207,212.66,123.6,181.317,248.4,361.45
