Mass,WF,PO,RF,Yield,Yield_Err,Pull,PullErr,Bg_Chi2,BgSig_Chi2,ToyBg_Chi2,PVal,epsilon2,upper_Limit,f,Toy_UL,Toy_ULN2,Toy_ULN1,Toy_ULP1,Toy_ULP2
151.50,11,3,100,1.95854,142.347,0.0167134,0.991297,0.582148,0.55906,0.582148,0.442365,1.70314e-05,295.577,0.191603,280.95,164.9,239.686,329.133,475.6
