Mass,WF,PO,RF,Yield,Yield_Err,Pull,PullErr,Bg_Chi2,BgSig_Chi2,ToyBg_Chi2,PVal,epsilon2,upper_Limit,f,Toy_UL,Toy_ULN2,Toy_ULN1,Toy_ULP1,Toy_ULP2
146,11,3,100,-1.94704,130.112,-0.0105636,0.983119,0.562666,0.651257,0.562666,0.976394,1.01082e-05,138.277,0.194595,252.95,149.1,216.583,296.65,430
