Mass,WF,PO,RF,Yield,Yield_Err,Pull,PullErr,Bg_Chi2,BgSig_Chi2,ToyBg_Chi2,PVal,epsilon2,upper_Limit,f,Toy_UL,Toy_ULN2,Toy_ULN1,Toy_ULP1,Toy_ULP2
172,12,3,100,-0.627435,143.667,-0.00336505,1.00445,0.455773,0.453975,0.455773,0.171687,1.99201e-05,389.153,0.180449,283.043,164.8,240.75,331.8,480.95
