Mass,WF,PO,RF,Yield,Yield_Err,Pull,PullErr,Bg_Chi2,BgSig_Chi2,ToyBg_Chi2,PVal,epsilon2,upper_Limit,f,Toy_UL,Toy_ULN2,Toy_ULN1,Toy_ULP1,Toy_ULP2
185.25,12,3,100,-2.63963,126.493,-0.0197522,1.00463,0.0355311,0.0318668,0.0355311,0.444035,1.74156e-05,260.853,0.17324,246.844,143.733,210.057,288,424
