Mass,WF,PO,RF,Yield,Yield_Err,Pull,PullErr,Bg_Chi2,BgSig_Chi2,ToyBg_Chi2,PVal,epsilon2,upper_Limit,f,Toy_UL,Toy_ULN2,Toy_ULN1,Toy_ULP1,Toy_ULP2
179.50,12,3,100,1.05585,137.115,0.00893433,0.998684,0.534268,0.517801,0.534268,0.644501,1.35409e-05,235.503,0.176368,269.117,157.933,230.2,317,459.567
