Mass,WF,PO,RF,Yield,Yield_Err,Pull,PullErr,Bg_Chi2,BgSig_Chi2,ToyBg_Chi2,PVal,epsilon2,upper_Limit,f,Toy_UL,Toy_ULN2,Toy_ULN1,Toy_ULP1,Toy_ULP2
130,9,3,100,-2.41556,44.513,0.112185,1.02888,0.112374,0.132277,0.112374,0.774533,9.19689e-05,60.1069,0.203301,79.3222,49.7375,69.424,90.45,126.333
