Mass,WF,PO,RF,Yield,Yield_Err,Pull,PullErr,Bg_Chi2,BgSig_Chi2,ToyBg_Chi2,PVal,epsilon2,upper_Limit,f,Toy_UL,Toy_ULN2,Toy_ULN1,Toy_ULP1,Toy_ULP2
148.25,11,3,100,-1.0061,135.707,-0.00366939,1.00509,0.746813,0.735706,0.746813,0.217639,2.2467e-05,345.428,0.193371,264.971,155.9,225.64,309.667,455.05
