Mass,WF,PO,RF,Yield,Yield_Err,Pull,PullErr,Bg_Chi2,BgSig_Chi2,ToyBg_Chi2,PVal,epsilon2,upper_Limit,f,Toy_UL,Toy_ULN2,Toy_ULN1,Toy_ULP1,Toy_ULP2
147.75,11,3,100,0.277688,134.456,0.00570892,0.992717,0.820193,0.803684,0.820193,0.423228,1.83394e-05,275.8,0.193643,264.8,155.1,225.55,306.9,450.367
