Mass,WF,PO,RF,Yield,Yield_Err,Pull,PullErr,Bg_Chi2,BgSig_Chi2,ToyBg_Chi2,PVal,epsilon2,upper_Limit,f,Toy_UL,Toy_ULN2,Toy_ULN1,Toy_ULP1,Toy_ULP2
125.75,9,3,100,-1.81475,16.7502,0.210886,2.79575,0.180442,0.201459,0.180442,0.182589,0.000384682,31.8047,0.205613,29.4103,17.075,25.8761,33.0825,43.5
