Mass,WF,PO,RF,Yield,Yield_Err,Pull,PullErr,Bg_Chi2,BgSig_Chi2,ToyBg_Chi2,PVal,epsilon2,upper_Limit,f,Toy_UL,Toy_ULN2,Toy_ULN1,Toy_ULP1,Toy_ULP2
158.25,11,3,100,0.990636,150.747,0.00863316,0.992058,0.552962,0.555425,0.552962,0.129435,2.15312e-05,427.647,0.18793,297.65,173.95,252.05,348.433,502.5
