Mass,WF,PO,RF,Yield,Yield_Err,Pull,PullErr,Bg_Chi2,BgSig_Chi2,ToyBg_Chi2,PVal,epsilon2,upper_Limit,f,Toy_UL,Toy_ULN2,Toy_ULN1,Toy_ULP1,Toy_ULP2
185.75,12,3,100,-2.39317,125.857,-0.0177713,0.997772,0.0346503,0.0309691,0.0346503,0.527808,1.62338e-05,239.895,0.172968,245.2,144.325,208.967,285.943,422.1
