Mass,WF,PO,RF,Yield,Yield_Err,Pull,PullErr,Bg_Chi2,BgSig_Chi2,ToyBg_Chi2,PVal,epsilon2,upper_Limit,f,Toy_UL,Toy_ULN2,Toy_ULN1,Toy_ULP1,Toy_ULP2
128.50,9,3,100,0.695468,28.9143,0.205954,1.26892,0.178163,0.184334,0.178163,0.713107,0.000146595,49.3442,0.204117,60.3333,31.6,48.4583,75.7444,105.371
