Mass,WF,PO,RF,Yield,Yield_Err,Pull,PullErr,Bg_Chi2,BgSig_Chi2,ToyBg_Chi2,PVal,epsilon2,upper_Limit,f,Toy_UL,Toy_ULN2,Toy_ULN1,Toy_ULP1,Toy_ULP2
142.25,9,3,100,-3.55838,137.863,-0.0123418,0.996248,0.307271,0.316575,0.307271,0.141774,3.71823e-05,373.675,0.196636,266.5,156.6,228.625,310.12,449.75
