Mass,WF,PO,RF,Yield,Yield_Err,Pull,PullErr,Bg_Chi2,BgSig_Chi2,ToyBg_Chi2,PVal,epsilon2,upper_Limit,f,Toy_UL,Toy_ULN2,Toy_ULN1,Toy_ULP1,Toy_ULP2
189.50,12,3,100,1.09432,118.882,0.0104653,0.978849,0.0748548,0.0690147,0.0748548,0.710008,1.46763e-05,193.029,0.170928,233.7,138.3,200.45,273.017,396.5
