Mass,WF,PO,RF,Yield,Yield_Err,Pull,PullErr,Bg_Chi2,BgSig_Chi2,ToyBg_Chi2,PVal,epsilon2,upper_Limit,f,Toy_UL,Toy_ULN2,Toy_ULN1,Toy_ULP1,Toy_ULP2
154,11,3,100,-0.679703,147.915,-0.00188383,1.00904,0.561509,0.623717,0.561509,0.982482,8.0907e-06,151.248,0.190243,290.3,169.65,246.367,340.74,496.1
