Mass,WF,PO,RF,Yield,Yield_Err,Pull,PullErr,Bg_Chi2,BgSig_Chi2,ToyBg_Chi2,PVal,epsilon2,upper_Limit,f,Toy_UL,Toy_ULN2,Toy_ULN1,Toy_ULP1,Toy_ULP2
136.75,9,3,100,-4.58691,103.836,-0.0108334,0.993414,0.0969163,0.0941494,0.0969163,0.700139,3.83472e-05,169.283,0.199628,196.713,117.4,169.53,229.4,327.8
