Mass,WF,PO,RF,Yield,Yield_Err,Pull,PullErr,Bg_Chi2,BgSig_Chi2,ToyBg_Chi2,PVal,epsilon2,upper_Limit,f,Toy_UL,Toy_ULN2,Toy_ULN1,Toy_ULP1,Toy_ULP2
224.25,12,3,100,-1.28603,34.878,-0.00471594,0.993385,0.0887615,0.0895428,0.0887615,0.26475,0.000143905,84.7238,0.15202,66.7154,39.7273,57.2056,77.3737,110.85
