Mass,WF,PO,RF,Yield,Yield_Err,Pull,PullErr,Bg_Chi2,BgSig_Chi2,ToyBg_Chi2,PVal,epsilon2,upper_Limit,f,Toy_UL,Toy_ULN2,Toy_ULN1,Toy_ULP1,Toy_ULP2
162.25,11,3,100,-0.869099,153.106,-0.00364926,1.00085,0.656066,0.635177,0.656066,0.400935,1.62314e-05,329.842,0.185754,299.05,175.95,255.571,350.95,512.8
