Mass,WF,PO,RF,Yield,Yield_Err,Pull,PullErr,Bg_Chi2,BgSig_Chi2,ToyBg_Chi2,PVal,epsilon2,upper_Limit,f,Toy_UL,Toy_ULN2,Toy_ULN1,Toy_ULP1,Toy_ULP2
135,9,3,100,-1.67433,92.2137,0.0311193,0.991109,0.0284708,0.0247002,0.0284708,0.632556,5.32618e-05,160.599,0.20058,175.573,104.84,151.167,202.662,285.875
