Mass,WF,PO,RF,Yield,Yield_Err,Pull,PullErr,Bg_Chi2,BgSig_Chi2,ToyBg_Chi2,PVal,epsilon2,upper_Limit,f,Toy_UL,Toy_ULN2,Toy_ULN1,Toy_ULP1,Toy_ULP2
207.75,12,3,100,-1.19107,77.9094,-0.0103556,0.992226,0.0253922,0.0218394,0.0253922,0.351817,3.23108e-05,172.807,0.160998,151.9,89.3,129.471,177.8,258.6
