Mass,WF,PO,RF,Yield,Yield_Err,Pull,PullErr,Bg_Chi2,BgSig_Chi2,ToyBg_Chi2,PVal,epsilon2,upper_Limit,f,Toy_UL,Toy_ULN2,Toy_ULN1,Toy_ULP1,Toy_ULP2
204,12,3,100,-0.841584,85.6872,-0.00672896,1.00272,0.0317304,0.0281404,0.0317304,0.636416,2.22859e-05,151.22,0.163038,167.2,97.95,142.738,196.08,287.6
