Mass,WF,PO,RF,Yield,Yield_Err,Pull,PullErr,Bg_Chi2,BgSig_Chi2,ToyBg_Chi2,PVal,epsilon2,upper_Limit,f,Toy_UL,Toy_ULN2,Toy_ULN1,Toy_ULP1,Toy_ULP2
172.50,12,3,100,-0.188763,143.401,-0.000360104,1.0041,0.465198,0.46995,0.465198,0.13816,2.06438e-05,400.896,0.180177,280.875,164.486,239.54,329.4,484.9
