Mass,WF,PO,RF,Yield,Yield_Err,Pull,PullErr,Bg_Chi2,BgSig_Chi2,ToyBg_Chi2,PVal,epsilon2,upper_Limit,f,Toy_UL,Toy_ULN2,Toy_ULN1,Toy_ULP1,Toy_ULP2
209.50,12,3,100,-1.56209,72.9394,-0.0158117,0.991374,0.0368871,0.0330121,0.0368871,0.467099,3.17671e-05,148.592,0.160046,141.912,83.2625,121.513,165.967,242.9
