Mass,WF,PO,RF,Yield,Yield_Err,Pull,PullErr,Bg_Chi2,BgSig_Chi2,ToyBg_Chi2,PVal,epsilon2,upper_Limit,f,Toy_UL,Toy_ULN2,Toy_ULN1,Toy_ULP1,Toy_ULP2
145.75,11,3,100,-1.05682,129.456,-0.00365688,0.995119,0.547875,0.678038,0.547875,0.99216,9.14255e-06,123.37,0.194731,251.944,149.167,214.5,295.35,433.9
