Mass,WF,PO,RF,Yield,Yield_Err,Pull,PullErr,Bg_Chi2,BgSig_Chi2,ToyBg_Chi2,PVal,epsilon2,upper_Limit,f,Toy_UL,Toy_ULN2,Toy_ULN1,Toy_ULP1,Toy_ULP2
223,12,3,100,-1.5958,37.2177,-0.0159082,1.00823,0.0763848,0.0624808,0.0763848,0.707566,8.4208e-05,60.4313,0.152701,71.3556,42.0222,61.1389,83.6235,120.225
