Mass,WF,PO,RF,Yield,Yield_Err,Pull,PullErr,Bg_Chi2,BgSig_Chi2,ToyBg_Chi2,PVal,epsilon2,upper_Limit,f,Toy_UL,Toy_ULN2,Toy_ULN1,Toy_ULP1,Toy_ULP2
157.50,11,3,100,0.385777,150.712,0.00477691,0.996639,0.630724,0.628894,0.630724,0.186009,1.991e-05,391.929,0.188338,295.54,172.3,253.2,345.667,509.8
