Mass,WF,PO,RF,Yield,Yield_Err,Pull,PullErr,Bg_Chi2,BgSig_Chi2,ToyBg_Chi2,PVal,epsilon2,upper_Limit,f,Toy_UL,Toy_ULN2,Toy_ULN1,Toy_ULP1,Toy_ULP2
210.75,12,3,100,-0.930391,69.1921,-0.00725629,0.992935,0.0308041,0.0273772,0.0308041,0.506111,3.20945e-05,135.04,0.159366,135.09,78.98,115.33,157.6,231
