Mass,WF,PO,RF,Yield,Yield_Err,Pull,PullErr,Bg_Chi2,BgSig_Chi2,ToyBg_Chi2,PVal,epsilon2,upper_Limit,f,Toy_UL,Toy_ULN2,Toy_ULN1,Toy_ULP1,Toy_ULP2
195,12,3,100,1.62338,107.307,0.0170807,1.0107,0.0880447,0.080134,0.0880447,0.480787,1.98909e-05,212.134,0.167935,211.34,122.7,180.76,247.86,363.1
