Mass,WF,PO,RF,Yield,Yield_Err,Pull,PullErr,Bg_Chi2,BgSig_Chi2,ToyBg_Chi2,PVal,epsilon2,upper_Limit,f,Toy_UL,Toy_ULN2,Toy_ULN1,Toy_ULP1,Toy_ULP2
136.50,9,3,100,-4.04393,102.009,-0.00539304,1.00185,0.0777567,0.0716037,0.0777567,0.641949,4.21717e-05,176.371,0.199764,194.7,116.16,166.68,226.029,325.2
