Mass,WF,PO,RF,Yield,Yield_Err,Pull,PullErr,Bg_Chi2,BgSig_Chi2,ToyBg_Chi2,PVal,epsilon2,upper_Limit,f,Toy_UL,Toy_ULN2,Toy_ULN1,Toy_ULP1,Toy_ULP2
201.25,12,3,100,-1.16057,93.0221,-0.00987444,0.997542,0.0522189,0.0508214,0.0522189,0.825914,1.67837e-05,133.695,0.164534,182.02,107.14,154.614,213.74,310.65
