Mass,WF,PO,RF,Yield,Yield_Err,Pull,PullErr,Bg_Chi2,BgSig_Chi2,ToyBg_Chi2,PVal,epsilon2,upper_Limit,f,Toy_UL,Toy_ULN2,Toy_ULN1,Toy_ULP1,Toy_ULP2
130.50,9,3,100,-4.7652,51.6535,0.0648047,1.01604,0.125219,0.125008,0.125219,0.675738,9.49173e-05,74.9297,0.203029,89.1833,54.4636,77.9722,101.371,137.5
