Mass,WF,PO,RF,Yield,Yield_Err,Pull,PullErr,Bg_Chi2,BgSig_Chi2,ToyBg_Chi2,PVal,epsilon2,upper_Limit,f,Toy_UL,Toy_ULN2,Toy_ULN1,Toy_ULP1,Toy_ULP2
199.75,12,3,100,-1.93131,95.9123,-0.018023,1.00179,0.174598,0.169044,0.174598,0.714473,1.82175e-05,156.433,0.165351,187.3,109.633,159.157,219.62,320.5
