Mass,WF,PO,RF,Yield,Yield_Err,Pull,PullErr,Bg_Chi2,BgSig_Chi2,ToyBg_Chi2,PVal,epsilon2,upper_Limit,f,Toy_UL,Toy_ULN2,Toy_ULN1,Toy_ULP1,Toy_ULP2
162.75,11,3,100,-0.405688,153.75,-0.000548082,1.01169,0.646111,0.625438,0.646111,0.542772,1.43672e-05,292.569,0.185482,301.82,174.5,255.983,355.067,520.3
