Mass,WF,PO,RF,Yield,Yield_Err,Pull,PullErr,Bg_Chi2,BgSig_Chi2,ToyBg_Chi2,PVal,epsilon2,upper_Limit,f,Toy_UL,Toy_ULN2,Toy_ULN1,Toy_ULP1,Toy_ULP2
139.50,9,3,100,-3.58733,123.78,-0.00910736,1.00758,0.199736,0.205013,0.199736,0.137982,4.64028e-05,333.692,0.198132,239.483,140.367,204.938,279.7,401.3
