Mass,WF,PO,RF,Yield,Yield_Err,Pull,PullErr,Bg_Chi2,BgSig_Chi2,ToyBg_Chi2,PVal,epsilon2,upper_Limit,f,Toy_UL,Toy_ULN2,Toy_ULN1,Toy_ULP1,Toy_ULP2
209.75,12,3,100,-2.077,72.3841,-0.0228295,1.0119,0.0314915,0.0281576,0.0314915,0.456316,3.19986e-05,146.602,0.15991,140.164,82.15,119.57,163.875,243.9
