Mass,WF,PO,RF,Yield,Yield_Err,Pull,PullErr,Bg_Chi2,BgSig_Chi2,ToyBg_Chi2,PVal,epsilon2,upper_Limit,f,Toy_UL,Toy_ULN2,Toy_ULN1,Toy_ULP1,Toy_ULP2
220.50,12,3,100,-1.34182,42.7187,-0.0143138,0.988289,0.0241632,0.023166,0.0241632,0.932101,4.96144e-05,51.3969,0.154061,82.316,48.7167,70.7083,96.4643,138.5
