Mass,WF,PO,RF,Yield,Yield_Err,Pull,PullErr,Bg_Chi2,BgSig_Chi2,ToyBg_Chi2,PVal,epsilon2,upper_Limit,f,Toy_UL,Toy_ULN2,Toy_ULN1,Toy_ULP1,Toy_ULP2
125,9,3,100,-4.67749,16.236,-0.828326,6.73877,0.392734,0.366126,0.392734,0.431904,0.000494099,27.8693,0.206021,23.486,0.08213,19.6825,27.5095,52.8
