Mass,WF,PO,RF,Yield,Yield_Err,Pull,PullErr,Bg_Chi2,BgSig_Chi2,ToyBg_Chi2,PVal,epsilon2,upper_Limit,f,Toy_UL,Toy_ULN2,Toy_ULN1,Toy_ULP1,Toy_ULP2
191.50,12,3,100,-0.150907,114.471,0.000238098,1.00689,0.115116,0.105771,0.115116,0.666881,1.5865e-05,194.203,0.169839,223.985,130.7,191.178,263.567,386.8
