Mass,WF,PO,RF,Yield,Yield_Err,Pull,PullErr,Bg_Chi2,BgSig_Chi2,ToyBg_Chi2,PVal,epsilon2,upper_Limit,f,Toy_UL,Toy_ULN2,Toy_ULN1,Toy_ULP1,Toy_ULP2
211.50,12,3,100,-0.263325,68.1306,0.00301982,0.995852,0.0725712,0.064181,0.0725712,0.68988,2.99097e-05,113.524,0.158958,133.22,78.9667,113.6,155.4,228.467
