Mass,WF,PO,RF,Yield,Yield_Err,Pull,PullErr,Bg_Chi2,BgSig_Chi2,ToyBg_Chi2,PVal,epsilon2,upper_Limit,f,Toy_UL,Toy_ULN2,Toy_ULN1,Toy_ULP1,Toy_ULP2
150,11,3,100,-0.805659,139.805,-0.00270031,0.994954,0.511413,0.503388,0.511413,0.164896,2.29524e-05,379.472,0.192419,273.275,159.75,234.486,319.533,466.9
