Mass,WF,PO,RF,Yield,Yield_Err,Pull,PullErr,Bg_Chi2,BgSig_Chi2,ToyBg_Chi2,PVal,epsilon2,upper_Limit,f,Toy_UL,Toy_ULN2,Toy_ULN1,Toy_ULP1,Toy_ULP2
155.25,11,3,100,-0.944729,148.956,-0.00388051,1.00263,0.544958,0.573747,0.544958,0.960072,8.69995e-06,166.961,0.189562,291.74,169.6,248.775,341.6,498.4
