Mass,WF,PO,RF,Yield,Yield_Err,Pull,PullErr,Bg_Chi2,BgSig_Chi2,ToyBg_Chi2,PVal,epsilon2,upper_Limit,f,Toy_UL,Toy_ULN2,Toy_ULN1,Toy_ULP1,Toy_ULP2
198,12,3,100,-0.314129,100.002,-0.00121783,0.999114,0.149074,0.136095,0.149074,0.451164,2.19239e-05,204.403,0.166303,196.227,114.5,167.129,230.325,334.733
