Mass,WF,PO,RF,Yield,Yield_Err,Pull,PullErr,Bg_Chi2,BgSig_Chi2,ToyBg_Chi2,PVal,epsilon2,upper_Limit,f,Toy_UL,Toy_ULN2,Toy_ULN1,Toy_ULP1,Toy_ULP2
156.75,11,3,100,0.320471,150,0.004448,1.00316,0.441176,0.418508,0.441176,0.551037,1.41769e-05,277.57,0.188746,295.567,171.533,251.55,345.314,505.1
