Mass,WF,PO,RF,Yield,Yield_Err,Pull,PullErr,Bg_Chi2,BgSig_Chi2,ToyBg_Chi2,PVal,epsilon2,upper_Limit,f,Toy_UL,Toy_ULN2,Toy_ULN1,Toy_ULP1,Toy_ULP2
216.50,12,3,100,-0.488866,52.2964,0.000628672,0.995815,0.0271668,0.0242717,0.0271668,0.238925,7.13322e-05,127.175,0.156237,102.1,60.025,87.05,119.76,172.7
