Mass,WF,PO,RF,Yield,Yield_Err,Pull,PullErr,Bg_Chi2,BgSig_Chi2,ToyBg_Chi2,PVal,epsilon2,upper_Limit,f,Toy_UL,Toy_ULN2,Toy_ULN1,Toy_ULP1,Toy_ULP2
184.50,12,3,100,-2.80042,127.783,-0.0207805,0.989052,0.0552417,0.0501122,0.0552417,0.395212,1.78652e-05,273.36,0.173648,249.271,145.775,212.5,291.46,425.5
