Mass,WF,PO,RF,Yield,Yield_Err,Pull,PullErr,Bg_Chi2,BgSig_Chi2,ToyBg_Chi2,PVal,epsilon2,upper_Limit,f,Toy_UL,Toy_ULN2,Toy_ULN1,Toy_ULP1,Toy_ULP2
217.50,12,3,100,-2.06066,50.1311,-0.0295346,0.997968,0.0191079,0.0171975,0.0191079,0.609724,5.6354e-05,88.6273,0.155693,97.16,57.0286,82.55,113.1,163.067
