Mass,WF,PO,RF,Yield,Yield_Err,Pull,PullErr,Bg_Chi2,BgSig_Chi2,ToyBg_Chi2,PVal,epsilon2,upper_Limit,f,Toy_UL,Toy_ULN2,Toy_ULN1,Toy_ULP1,Toy_ULP2
218,12,3,100,-1.3674,48.9459,-0.0159208,1.0051,0.0196276,0.0180351,0.0196276,0.723933,5.29956e-05,77.9041,0.155421,94.2875,55.4167,81.2077,110.788,161.7
