Mass,WF,PO,RF,Yield,Yield_Err,Pull,PullErr,Bg_Chi2,BgSig_Chi2,ToyBg_Chi2,PVal,epsilon2,upper_Limit,f,Toy_UL,Toy_ULN2,Toy_ULN1,Toy_ULP1,Toy_ULP2
152.25,11,3,100,-0.0170982,143.208,0.00251541,0.992035,0.548169,0.532298,0.548169,0.726596,1.31117e-05,232.927,0.191195,280.4,164.8,239.314,330.9,475.8
