Mass,WF,PO,RF,Yield,Yield_Err,Pull,PullErr,Bg_Chi2,BgSig_Chi2,ToyBg_Chi2,PVal,epsilon2,upper_Limit,f,Toy_UL,Toy_ULN2,Toy_ULN1,Toy_ULP1,Toy_ULP2
137,9,3,100,-1.17903,105.135,0.0188874,0.992091,0.094732,0.0976511,0.094732,0.757199,3.49752e-05,162.889,0.199492,202.345,120.84,174.15,234.667,336.5
