Mass,WF,PO,RF,Yield,Yield_Err,Pull,PullErr,Bg_Chi2,BgSig_Chi2,ToyBg_Chi2,PVal,epsilon2,upper_Limit,f,Toy_UL,Toy_ULN2,Toy_ULN1,Toy_ULP1,Toy_ULP2
126.50,9,3,100,-0.601959,19.5974,0.352777,2.0188,0.250471,0.30143,0.250471,0.109138,0.000322964,40.0518,0.205205,37.3688,23.7091,33.4151,41.2548,53.4
