Mass,WF,PO,RF,Yield,Yield_Err,Pull,PullErr,Bg_Chi2,BgSig_Chi2,ToyBg_Chi2,PVal,epsilon2,upper_Limit,f,Toy_UL,Toy_ULN2,Toy_ULN1,Toy_ULP1,Toy_ULP2
137.50,9,3,100,-2.43153,111.794,0.00649131,0.997454,0.0821712,0.098323,0.0821712,0.829382,3.06808e-05,158.451,0.19922,215.9,128.04,184.422,250.425,359.975
