Mass,WF,PO,RF,Yield,Yield_Err,Pull,PullErr,Bg_Chi2,BgSig_Chi2,ToyBg_Chi2,PVal,epsilon2,upper_Limit,f,Toy_UL,Toy_ULN2,Toy_ULN1,Toy_ULP1,Toy_ULP2
129,9,3,100,-0.62839,33.9977,0.152499,1.12115,0.124906,0.144626,0.124906,0.777869,0.000116499,49.5311,0.203845,61.8286,35.8833,52.636,74.1333,123.144
