Mass,WF,PO,RF,Yield,Yield_Err,Pull,PullErr,Bg_Chi2,BgSig_Chi2,ToyBg_Chi2,PVal,epsilon2,upper_Limit,f,Toy_UL,Toy_ULN2,Toy_ULN1,Toy_ULP1,Toy_ULP2
159.25,11,3,100,-3.57797,153.192,-0.0211796,0.998906,0.666724,0.666348,0.666724,0.124267,2.18467e-05,438.221,0.187386,297.55,173.84,255.133,349.733,508.8
