Mass,WF,PO,RF,Yield,Yield_Err,Pull,PullErr,Bg_Chi2,BgSig_Chi2,ToyBg_Chi2,PVal,epsilon2,upper_Limit,f,Toy_UL,Toy_ULN2,Toy_ULN1,Toy_ULP1,Toy_ULP2
129.75,9,3,100,-2.57629,41.6138,0.0988056,1.01091,0.120581,0.128942,0.120581,0.697686,0.000103037,60.0499,0.203437,72.0316,44.1727,62.8389,82.5467,116.833
