Mass,WF,PO,RF,Yield,Yield_Err,Pull,PullErr,Bg_Chi2,BgSig_Chi2,ToyBg_Chi2,PVal,epsilon2,upper_Limit,f,Toy_UL,Toy_ULN2,Toy_ULN1,Toy_ULP1,Toy_ULP2
185,12,3,100,1.17293,127.066,0.0104018,1.00579,0.0254706,0.0226618,0.0254706,0.440766,1.72573e-05,260.471,0.173376,250.175,145.38,212.543,292.7,430.4
