Mass,WF,PO,RF,Yield,Yield_Err,Pull,PullErr,Bg_Chi2,BgSig_Chi2,ToyBg_Chi2,PVal,epsilon2,upper_Limit,f,Toy_UL,Toy_ULN2,Toy_ULN1,Toy_ULP1,Toy_ULP2
166.50,12,3,100,-1.07546,146.21,-0.00639255,0.98871,0.557799,0.547649,0.557799,0.785548,1.07769e-05,219.237,0.183442,285.317,168.55,245.037,334.52,489.4
