Mass,WF,PO,RF,Yield,Yield_Err,Pull,PullErr,Bg_Chi2,BgSig_Chi2,ToyBg_Chi2,PVal,epsilon2,upper_Limit,f,Toy_UL,Toy_ULN2,Toy_ULN1,Toy_ULP1,Toy_ULP2
152.75,11,3,100,-1.41501,145.328,-0.00695576,1.00757,0.666066,0.690842,0.666066,0.941163,9.49411e-06,171.937,0.190923,284.48,164.867,241.66,333.85,486
