Mass,WF,PO,RF,Yield,Yield_Err,Pull,PullErr,Bg_Chi2,BgSig_Chi2,ToyBg_Chi2,PVal,epsilon2,upper_Limit,f,Toy_UL,Toy_ULN2,Toy_ULN1,Toy_ULP1,Toy_ULP2
213.50,12,3,100,-0.615428,60.9206,-0.00302822,0.995623,0.0818467,0.07688,0.0818467,0.239829,5.70899e-05,152.772,0.157869,118.793,69.62,101.691,138.621,201.233
