Mass,WF,PO,RF,Yield,Yield_Err,Pull,PullErr,Bg_Chi2,BgSig_Chi2,ToyBg_Chi2,PVal,epsilon2,upper_Limit,f,Toy_UL,Toy_ULN2,Toy_ULN1,Toy_ULP1,Toy_ULP2
180.25,12,3,100,1.39889,135.557,0.011394,1.00463,0.491071,0.470645,0.491071,0.523827,1.52409e-05,260.13,0.17596,265.933,156.525,227.475,311.92,460.75
