Mass,WF,PO,RF,Yield,Yield_Err,Pull,PullErr,Bg_Chi2,BgSig_Chi2,ToyBg_Chi2,PVal,epsilon2,upper_Limit,f,Toy_UL,Toy_ULN2,Toy_ULN1,Toy_ULP1,Toy_ULP2
209.25,12,3,100,0.645497,73.7203,0.014097,1.00075,0.0212751,0.0187936,0.0212751,0.439755,3.18111e-05,151.831,0.160182,144.933,85.1667,123.65,169.5,247.7
