Mass,WF,PO,RF,Yield,Yield_Err,Pull,PullErr,Bg_Chi2,BgSig_Chi2,ToyBg_Chi2,PVal,epsilon2,upper_Limit,f,Toy_UL,Toy_ULN2,Toy_ULN1,Toy_ULP1,Toy_ULP2
145.25,11,3,100,-3.7969,128.883,-0.0244898,0.985281,0.468264,0.60975,0.468264,0.994323,9.06003e-06,118.158,0.195003,248.217,149.3,212.214,289.875,429.8
