Mass,WF,PO,RF,Yield,Yield_Err,Pull,PullErr,Bg_Chi2,BgSig_Chi2,ToyBg_Chi2,PVal,epsilon2,upper_Limit,f,Toy_UL,Toy_ULN2,Toy_ULN1,Toy_ULP1,Toy_ULP2
189,12,3,100,-1.3635,119.663,-0.0100105,0.997191,0.0690838,0.0633381,0.0690838,0.688155,1.48831e-05,198.883,0.1712,234.04,136.7,199,275.167,396.15
