Mass,WF,PO,RF,Yield,Yield_Err,Pull,PullErr,Bg_Chi2,BgSig_Chi2,ToyBg_Chi2,PVal,epsilon2,upper_Limit,f,Toy_UL,Toy_ULN2,Toy_ULN1,Toy_ULP1,Toy_ULP2
175.25,12,3,100,-2.12955,141.588,-0.0141306,1.01458,0.7684,0.752691,0.7684,0.596276,1.36337e-05,256.037,0.178681,275.425,161.933,234.45,325.075,480.6
