Mass,WF,PO,RF,Yield,Yield_Err,Pull,PullErr,Bg_Chi2,BgSig_Chi2,ToyBg_Chi2,PVal,epsilon2,upper_Limit,f,Toy_UL,Toy_ULN2,Toy_ULN1,Toy_ULP1,Toy_ULP2
207,12,3,100,1.81034,79.0028,0.0271582,1.00555,0.0228441,0.0198924,0.0228441,0.292038,3.26148e-05,183.364,0.161406,156,91.1,132.215,182.88,267.4
