Mass,WF,PO,RF,Yield,Yield_Err,Pull,PullErr,Bg_Chi2,BgSig_Chi2,ToyBg_Chi2,PVal,epsilon2,upper_Limit,f,Toy_UL,Toy_ULN2,Toy_ULN1,Toy_ULP1,Toy_ULP2
215,12,3,100,-1.32922,56.5515,-0.0150727,0.993094,0.0456904,0.0460447,0.0456904,0.129195,7.30066e-05,158.836,0.157053,110.154,64.2429,93.7273,128.886,184.84
