Mass,WF,PO,RF,Yield,Yield_Err,Pull,PullErr,Bg_Chi2,BgSig_Chi2,ToyBg_Chi2,PVal,epsilon2,upper_Limit,f,Toy_UL,Toy_ULN2,Toy_ULN1,Toy_ULP1,Toy_ULP2
190.25,12,3,100,-1.09559,117.497,-0.00782899,1.00101,0.083546,0.0776136,0.083546,0.736143,1.44685e-05,185.663,0.170519,229.514,134,195.675,268.671,394.45
