Mass,WF,PO,RF,Yield,Yield_Err,Pull,PullErr,Bg_Chi2,BgSig_Chi2,ToyBg_Chi2,PVal,epsilon2,upper_Limit,f,Toy_UL,Toy_ULN2,Toy_ULN1,Toy_ULP1,Toy_ULP2
202,12,3,100,-0.709358,90.8495,-0.00510801,0.989837,0.0596678,0.0544146,0.0596678,0.772734,1.81874e-05,138.71,0.164126,177.2,104.8,151.757,207,301.833
