Mass,WF,PO,RF,Yield,Yield_Err,Pull,PullErr,Bg_Chi2,BgSig_Chi2,ToyBg_Chi2,PVal,epsilon2,upper_Limit,f,Toy_UL,Toy_ULN2,Toy_ULN1,Toy_ULP1,Toy_ULP2
132,9,3,100,-4.91732,62.8647,0.016843,0.997471,0.0958054,0.117763,0.0958054,0.132275,0.00011949,154.713,0.202213,113.853,68.8667,98.7273,129.892,180.3
